Age,AgeGroup
39,Adult
24,Adult
58,Adult
33,Adult
16,Teenager
44,Adult
26,Adult
28,Adult
35,Adult
14,Teenager
34,Adult
45,Adult
32,Adult
48,Adult
28,Adult
31,Adult
27,Adult
24,Adult
45,Adult
0,Child
14,Teenager
1,Child
49,Adult
29,Adult
10,Child
1,Child
7,Child
21,Adult
62,Elder
15,Teenager
34,Adult
43,Adult
32,Adult
47,Adult
2,Child
20,Adult
28,Adult
23,Adult
15,Teenager
20,Adult
30,Adult
17,Teenager
45,Adult
55,Adult
4,Child
21,Adult
21,Adult
19,Adult
35,Adult
56,Adult
28,Adult
25,Adult
2,Child
38,Adult
27,Adult
36,Adult
22,Adult
62,Elder
15,Teenager
33,Adult
62,Elder
0,Child
18,Teenager
21,Adult
28,Adult
42,Adult
19,Adult
17,Teenager
14,Teenager
37,Adult
42,Adult
27,Adult
28,Adult
38,Adult
13,Teenager
42,Adult
2,Child
8,Child
24,Adult
40,Adult
43,Adult
45,Adult
35,Adult
26,Adult
27,Adult
19,Adult
0,Child
3,Child
54,Adult
26,Adult
26,Adult
23,Adult
2,Child
31,Adult
18,Teenager
24,Adult
9,Child
6,Child
27,Adult
21,Adult
23,Adult
31,Adult
0,Child
32,Adult
40,Adult
42,Adult
28,Adult
29,Adult
48,Adult
64,Elder
27,Adult
26,Adult
33,Adult
39,Adult
13,Teenager
24,Adult
29,Adult
18,Teenager
67,Elder
35,Adult
61,Elder
45,Adult
22,Adult
19,Adult
36,Adult
19,Adult
47,Adult
13,Teenager
34,Adult
35,Adult
24,Adult
26,Adult
31,Adult
20,Adult
56,Adult
50,Adult
42,Adult
28,Adult
38,Adult
41,Adult
22,Adult
26,Adult
17,Teenager
57,Adult
17,Teenager
35,Adult
13,Teenager
27,Adult
31,Adult
24,Adult
19,Adult
32,Adult
58,Adult
21,Adult
38,Adult
38,Adult
19,Adult
0,Child
3,Child
20,Adult
24,Adult
37,Adult
25,Adult
56,Adult
49,Adult
11,Child
1,Child
8,Child
39,Adult
2,Child
23,Adult
0,Child
39,Adult
25,Adult
36,Adult
52,Adult
18,Teenager
15,Teenager
35,Adult
47,Adult
45,Adult
28,Adult
51,Adult
29,Adult
28,Adult
19,Adult
24,Adult
29,Adult
11,Child
17,Teenager
13,Teenager
35,Adult
21,Adult
21,Adult
38,Adult
19,Adult
2,Child
0,Child
13,Teenager
25,Adult
16,Teenager
1,Child
15,Teenager
21,Adult
23,Adult
33,Adult
21,Adult
41,Adult
16,Teenager
42,Adult
20,Adult
24,Adult
16,Teenager
21,Adult
32,Adult
58,Adult
24,Adult
30,Adult
27,Adult
32,Adult
43,Adult
42,Adult
37,Adult
35,Adult
33,Adult
18,Teenager
21,Adult
43,Adult
14,Teenager
46,Adult
33,Adult
21,Adult
33,Adult
47,Adult
54,Adult
30,Adult
29,Adult
21,Adult
24,Adult
21,Adult
60,Adult
22,Adult
26,Adult
26,Adult
28,Adult
39,Adult
13,Teenager
47,Adult
63,Elder
28,Adult
50,Adult
35,Adult
45,Adult
19,Adult
21,Adult
29,Adult
22,Adult
14,Teenager
42,Adult
57,Adult
39,Adult
28,Adult
19,Adult
19,Adult
26,Adult
17,Teenager
43,Adult
9,Child
40,Adult
50,Adult
24,Adult
57,Adult
16,Teenager
23,Adult
23,Adult
28,Adult
23,Adult
23,Adult
18,Teenager
18,Teenager
67,Elder
60,Adult
28,Adult
49,Adult
0,Child
26,Adult
35,Adult
24,Adult
20,Adult
18,Teenager
21,Adult
59,Adult
13,Teenager
43,Adult
29,Adult
19,Adult
2,Child
32,Adult
33,Adult
25,Adult
29,Adult
29,Adult
44,Adult
2,Child
19,Adult
0,Child
18,Teenager
38,Adult
5,Child
31,Adult
30,Adult
15,Teenager
27,Adult
22,Adult
36,Adult
14,Teenager
23,Adult
18,Teenager
36,Adult
41,Adult
50,Adult
32,Adult
26,Adult
15,Teenager
33,Adult
28,Adult
26,Adult
61,Elder
24,Adult
30,Adult
24,Adult
24,Adult
41,Adult
20,Adult
22,Adult
63,Elder
18,Teenager
21,Adult
79,Elder
56,Adult
13,Teenager
33,Adult
32,Adult
31,Adult
26,Adult
18,Teenager
38,Adult
23,Adult
28,Adult
34,Adult
0,Child
14,Teenager
23,Adult
49,Adult
14,Teenager
18,Teenager
27,Adult
48,Adult
31,Adult
61,Elder
18,Teenager
45,Adult
22,Adult
30,Adult
30,Adult
32,Adult
43,Adult
17,Teenager
23,Adult
20,Adult
39,Adult
35,Adult
31,Adult
21,Adult
16,Teenager
60,Adult
18,Teenager
42,Adult
68,Elder
22,Adult
59,Adult
28,Adult
37,Adult
3,Child
31,Adult
31,Adult
29,Adult
20,Adult
46,Adult
29,Adult
43,Adult
17,Teenager
27,Adult
47,Adult
45,Adult
17,Teenager
10,Child
56,Adult
39,Adult
40,Adult
40,Adult
34,Adult
32,Adult
35,Adult
32,Adult
26,Adult
25,Adult
26,Adult
22,Adult
22,Adult
24,Adult
32,Adult
11,Child
22,Adult
19,Adult
34,Adult
74,Elder
28,Adult
42,Adult
43,Adult
55,Adult
19,Adult
6,Child
7,Child
28,Adult
15,Teenager
24,Adult
31,Adult
22,Adult
1,Child
50,Adult
34,Adult
14,Teenager
19,Adult
28,Adult
36,Adult
34,Adult
25,Adult
36,Adult
16,Teenager
30,Adult
37,Adult
15,Teenager
36,Adult
27,Adult
27,Adult
12,Child
22,Adult
27,Adult
13,Teenager
27,Adult
28,Adult
21,Adult
39,Adult
28,Adult
14,Teenager
27,Adult
46,Adult
27,Adult
21,Adult
21,Adult
42,Adult
22,Adult
10,Child
43,Adult
42,Adult
18,Teenager
54,Adult
24,Adult
64,Elder
18,Teenager
53,Adult
23,Adult
39,Adult
59,Adult
32,Adult
55,Adult
21,Adult
50,Adult
55,Adult
28,Adult
35,Adult
28,Adult
55,Adult
23,Adult
42,Adult
35,Adult
47,Adult
28,Adult
34,Adult
46,Adult
26,Adult
1,Child
28,Adult
33,Adult
34,Adult
49,Adult
22,Adult
28,Adult
28,Adult
36,Adult
30,Adult
49,Adult
38,Adult
31,Adult
17,Teenager
26,Adult
23,Adult
24,Adult
23,Adult
24,Adult
32,Adult
43,Adult
23,Adult
42,Adult
29,Adult
40,Adult
37,Adult
61,Elder
33,Adult
19,Adult
21,Adult
4,Child
12,Child
44,Adult
22,Adult
33,Adult
32,Adult
28,Adult
28,Adult
31,Adult
13,Teenager
14,Teenager
33,Adult
28,Adult
23,Adult
36,Adult
22,Adult
19,Adult
42,Adult
30,Adult
16,Teenager
55,Adult
55,Adult
19,Adult
28,Adult
18,Teenager
21,Adult
65,Elder
55,Adult
50,Adult
49,Adult
22,Adult
33,Adult
3,Child
0,Child
33,Adult
48,Adult
5,Child
23,Adult
53,Adult
18,Teenager
20,Adult
23,Adult
48,Adult
19,Adult
28,Adult
9,Child
24,Adult
46,Adult
23,Adult
21,Adult
19,Adult
0,Child
4,Child
26,Adult
9,Child
24,Adult
24,Adult
25,Adult
21,Adult
21,Adult
37,Adult
44,Adult
43,Adult
7,Child
33,Adult
24,Adult
31,Adult
27,Adult
34,Adult
58,Adult
7,Child
3,Child
21,Adult
21,Adult
39,Adult
43,Adult
22,Adult
44,Adult
38,Adult
32,Adult
55,Adult
31,Adult
39,Adult
35,Adult
37,Adult
13,Teenager
21,Adult
20,Adult
20,Adult
63,Elder
36,Adult
29,Adult
36,Adult
79,Elder
30,Adult
30,Adult
19,Adult
33,Adult
20,Adult
38,Adult
7,Child
58,Adult
33,Adult
3,Child
39,Adult
37,Adult
32,Adult
28,Adult
38,Adult
21,Adult
18,Teenager
15,Teenager
44,Adult
44,Adult
36,Adult
28,Adult
15,Teenager
45,Adult
26,Adult
46,Adult
25,Adult
46,Adult
15,Teenager
37,Adult
20,Adult
45,Adult
7,Child
5,Child
38,Adult
30,Adult
28,Adult
0,Child
20,Adult
41,Adult
18,Teenager
29,Adult
19,Adult
34,Adult
36,Adult
54,Adult
19,Adult
21,Adult
23,Adult
35,Adult
34,Adult
22,Adult
24,Adult
18,Teenager
24,Adult
33,Adult
24,Adult
18,Teenager
19,Adult
43,Adult
44,Adult
25,Adult
25,Adult
23,Adult
23,Adult
20,Adult
2,Child
26,Adult
38,Adult
1,Child
12,Child
2,Child
25,Adult
1,Child
0,Child
54,Adult
21,Adult
19,Adult
24,Adult
20,Adult
23,Adult
29,Adult
14,Teenager
19,Adult
23,Adult
62,Elder
23,Adult
65,Elder
47,Adult
67,Elder
14,Teenager
41,Adult
14,Teenager
19,Adult
22,Adult
34,Adult
65,Elder
42,Adult
22,Adult
54,Adult
34,Adult
27,Adult
67,Elder
33,Adult
30,Adult
22,Adult
35,Adult
23,Adult
49,Adult
36,Adult
31,Adult
54,Adult
0,Child
28,Adult
54,Adult
10,Child
0,Child
7,Child
25,Adult
37,Adult
15,Teenager
26,Adult
7,Child
30,Adult
19,Adult
30,Adult
21,Adult
21,Adult
59,Adult
28,Adult
32,Adult
19,Adult
7,Child
16,Teenager
31,Adult
30,Adult
26,Adult
20,Adult
24,Adult
39,Adult
19,Adult
27,Adult
34,Adult
28,Adult
29,Adult
38,Adult
28,Adult
1,Child
36,Adult
31,Adult
1,Child
31,Adult
10,Child
28,Adult
42,Adult
0,Child
41,Adult
0,Child
0,Child
59,Adult
13,Teenager
24,Adult
20,Adult
71,Elder
23,Adult
15,Teenager
18,Teenager
19,Adult
4,Child
42,Adult
51,Adult
13,Teenager
27,Adult
42,Adult
41,Adult
21,Adult
31,Adult
36,Adult
31,Adult
14,Teenager
32,Adult
32,Adult
27,Adult
57,Adult
13,Teenager
30,Adult
14,Teenager
27,Adult
32,Adult
54,Adult
23,Adult
38,Adult
32,Adult
24,Adult
36,Adult
11,Child
6,Child
36,Adult
22,Adult
28,Adult
37,Adult
55,Adult
28,Adult
20,Adult
16,Teenager
19,Adult
38,Adult
35,Adult
33,Adult
37,Adult
46,Adult
41,Adult
13,Teenager
31,Adult
52,Adult
48,Adult
27,Adult
16,Teenager
32,Adult
25,Adult
26,Adult
44,Adult
32,Adult
18,Teenager
23,Adult
44,Adult
29,Adult
19,Adult
41,Adult
28,Adult
19,Adult
32,Adult
74,Elder
31,Adult
38,Adult
20,Adult
24,Adult
26,Adult
44,Adult
33,Adult
31,Adult
28,Adult
22,Adult
33,Adult
34,Adult
11,Child
41,Adult
30,Adult
30,Adult
25,Adult
31,Adult
38,Adult
15,Teenager
19,Adult
29,Adult
30,Adult
29,Adult
36,Adult
24,Adult
30,Adult
0,Child
15,Teenager
38,Adult
13,Teenager
18,Teenager
16,Teenager
8,Child
19,Adult
26,Adult
15,Teenager
38,Adult
45,Adult
48,Adult
17,Teenager
28,Adult
41,Adult
19,Adult
14,Teenager
21,Adult
48,Adult
19,Adult
29,Adult
20,Adult
44,Adult
19,Adult
64,Elder
21,Adult
32,Adult
20,Adult
24,Adult
44,Adult
57,Adult
51,Adult
34,Adult
45,Adult
24,Adult
23,Adult
30,Adult
20,Adult
22,Adult
28,Adult
71,Elder
18,Teenager
16,Teenager
28,Adult
36,Adult
6,Child
26,Adult
27,Adult
49,Adult
29,Adult
46,Adult
35,Adult
17,Teenager
37,Adult
24,Adult
47,Adult
26,Adult
46,Adult
27,Adult
56,Adult
18,Teenager
15,Teenager
3,Child
42,Adult
1,Child
56,Adult
20,Adult
21,Adult
5,Child
12,Child
39,Adult
60,Adult
31,Adult
58,Adult
19,Adult
29,Adult
19,Adult
44,Adult
20,Adult
18,Teenager
36,Adult
25,Adult
15,Teenager
18,Teenager
0,Child
54,Adult
0,Child
20,Adult
21,Adult
8,Child
46,Adult
31,Adult
3,Child
30,Adult
23,Adult
14,Teenager
25,Adult
61,Elder
31,Adult
13,Teenager
24,Adult
47,Adult
15,Teenager
46,Adult
49,Adult
37,Adult
44,Adult
16,Teenager
58,Adult
20,Adult
36,Adult
31,Adult
21,Adult
22,Adult
27,Adult
58,Adult
38,Adult
30,Adult
20,Adult
19,Adult
57,Adult
26,Adult
38,Adult
15,Teenager
28,Adult
35,Adult
38,Adult
35,Adult
14,Teenager
27,Adult
25,Adult
37,Adult
25,Adult
41,Adult
50,Adult
33,Adult
27,Adult
23,Adult
18,Teenager
31,Adult
54,Adult
0,Child
11,Child
4,Child
19,Adult
7,Child
20,Adult
33,Adult
26,Adult
35,Adult
23,Adult
60,Adult
34,Adult
28,Adult
42,Adult
22,Adult
18,Teenager
5,Child
18,Teenager
29,Adult
39,Adult
17,Teenager
58,Adult
5,Child
23,Adult
26,Adult
40,Adult
20,Adult
38,Adult
31,Adult
34,Adult
9,Child
36,Adult
26,Adult
18,Teenager
55,Adult
28,Adult
18,Teenager
28,Adult
23,Adult
20,Adult
22,Adult
27,Adult
13,Teenager
32,Adult
53,Adult
34,Adult
42,Adult
19,Adult
54,Adult
12,Child
35,Adult
55,Adult
26,Adult
49,Adult
22,Adult
28,Adult
30,Adult
39,Adult
14,Teenager
29,Adult
34,Adult
8,Child
7,Child
3,Child
0,Child
10,Child
16,Teenager
41,Adult
18,Teenager
25,Adult
32,Adult
26,Adult
26,Adult
18,Teenager
27,Adult
26,Adult
28,Adult
19,Adult
31,Adult
35,Adult
46,Adult
37,Adult
29,Adult
17,Teenager
30,Adult
28,Adult
16,Teenager
40,Adult
23,Adult
24,Adult
36,Adult
34,Adult
59,Adult
20,Adult
15,Teenager
19,Adult
64,Elder
24,Adult
23,Adult
30,Adult
0,Child
8,Child
1,Child
48,Adult
12,Child
30,Adult
10,Child
11,Child
58,Adult
52,Adult
36,Adult
32,Adult
16,Teenager
25,Adult
28,Adult
32,Adult
28,Adult
16,Teenager
50,Adult
20,Adult
23,Adult
45,Adult
23,Adult
53,Adult
8,Child
6,Child
3,Child
13,Teenager
60,Adult
1,Child
40,Adult
51,Adult
31,Adult
28,Adult
20,Adult
14,Teenager
23,Adult
4,Child
20,Adult
75,Elder
24,Adult
18,Teenager
21,Adult
59,Adult
27,Adult
38,Adult
41,Adult
36,Adult
29,Adult
22,Adult
23,Adult
32,Adult
21,Adult
26,Adult
61,Elder
30,Adult
40,Adult
37,Adult
41,Adult
32,Adult
30,Adult
27,Adult
22,Adult
54,Adult
27,Adult
52,Adult
15,Teenager
27,Adult
30,Adult
19,Adult
22,Adult
43,Adult
25,Adult
51,Adult
34,Adult
21,Adult
21,Adult
23,Adult
38,Adult
30,Adult
31,Adult
44,Adult
14,Teenager
18,Teenager
19,Adult
28,Adult
36,Adult
10,Child
1,Child
4,Child
21,Adult
24,Adult
8,Child
18,Teenager
33,Adult
31,Adult
43,Adult
20,Adult
28,Adult
30,Adult
28,Adult
19,Adult
22,Adult
27,Adult
22,Adult
2,Child
4,Child
10,Child
9,Child
37,Adult
2,Child
44,Adult
11,Child
22,Adult
40,Adult
30,Adult
37,Adult
26,Adult
19,Adult
57,Adult
1,Child
17,Teenager
26,Adult
21,Adult
28,Adult
36,Adult
25,Adult
40,Adult
23,Adult
2,Child
10,Child
43,Adult
0,Child
24,Adult
42,Adult
30,Adult
19,Adult
26,Adult
47,Adult
28,Adult
24,Adult
29,Adult
32,Adult
44,Adult
17,Teenager
35,Adult
23,Adult
34,Adult
25,Adult
67,Elder
22,Adult
28,Adult
27,Adult
14,Teenager
42,Adult
19,Adult
22,Adult
31,Adult
10,Child
39,Adult
41,Adult
0,Child
22,Adult
21,Adult
40,Adult
25,Adult
23,Adult
33,Adult
20,Adult
40,Adult
27,Adult
21,Adult
25,Adult
2,Child
19,Adult
41,Adult
43,Adult
19,Adult
22,Adult
16,Teenager
42,Adult
20,Adult
35,Adult
53,Adult
17,Teenager
6,Child
22,Adult
41,Adult
19,Adult
39,Adult
23,Adult
31,Adult
38,Adult
1,Child
13,Teenager
21,Adult
44,Adult
36,Adult
19,Adult
7,Child
39,Adult
28,Adult
28,Adult
14,Teenager
18,Teenager
23,Adult
33,Adult
18,Teenager
47,Adult
42,Adult
17,Teenager
21,Adult
17,Teenager
26,Adult
23,Adult
15,Teenager
18,Teenager
65,Elder
33,Adult
27,Adult
41,Adult
42,Adult
28,Adult
37,Adult
17,Teenager
24,Adult
39,Adult
59,Adult
32,Adult
29,Adult
8,Child
28,Adult
35,Adult
24,Adult
1,Child
4,Child
28,Adult
46,Adult
67,Elder
44,Adult
14,Teenager
23,Adult
51,Adult
20,Adult
0,Child
0,Child
23,Adult
24,Adult
41,Adult
30,Adult
27,Adult
13,Teenager
16,Teenager
30,Adult
8,Child
59,Adult
43,Adult
30,Adult
46,Adult
39,Adult
21,Adult
70,Elder
34,Adult
33,Adult
44,Adult
16,Teenager
63,Elder
37,Adult
29,Adult
29,Adult
22,Adult
26,Adult
76,Elder
61,Elder
46,Adult
19,Adult
13,Teenager
28,Adult
30,Adult
23,Adult
63,Elder
21,Adult
32,Adult
33,Adult
39,Adult
49,Adult
27,Adult
16,Teenager
38,Adult
42,Adult
19,Adult
26,Adult
32,Adult
56,Adult
0,Child
38,Adult
30,Adult
21,Adult
11,Child
3,Child
17,Teenager
35,Adult
17,Teenager
0,Child
46,Adult
63,Elder
35,Adult
61,Elder
19,Adult
43,Adult
14,Teenager
78,Elder
21,Adult
32,Adult
31,Adult
40,Adult
13,Teenager
36,Adult
31,Adult
18,Teenager
40,Adult
28,Adult
41,Adult
35,Adult
14,Teenager
20,Adult
23,Adult
22,Adult
25,Adult
18,Teenager
25,Adult
30,Adult
46,Adult
27,Adult
53,Adult
21,Adult
32,Adult
32,Adult
33,Adult
26,Adult
47,Adult
13,Teenager
34,Adult
21,Adult
20,Adult
21,Adult
51,Adult
18,Teenager
26,Adult
53,Adult
30,Adult
37,Adult
45,Adult
62,Elder
38,Adult
24,Adult
18,Teenager
23,Adult
16,Teenager
37,Adult
22,Adult
18,Teenager
25,Adult
26,Adult
25,Adult
55,Adult
28,Adult
23,Adult
22,Adult
26,Adult
13,Teenager
18,Teenager
38,Adult
28,Adult
57,Adult
0,Child
18,Teenager
25,Adult
35,Adult
37,Adult
33,Adult
35,Adult
47,Adult
23,Adult
28,Adult
27,Adult
23,Adult
31,Adult
19,Adult
53,Adult
37,Adult
18,Teenager
42,Adult
7,Child
7,Child
24,Adult
20,Adult
24,Adult
42,Adult
49,Adult
47,Adult
16,Teenager
26,Adult
24,Adult
38,Adult
0,Child
37,Adult
39,Adult
25,Adult
25,Adult
35,Adult
0,Child
46,Adult
4,Child
19,Adult
29,Adult
19,Adult
47,Adult
1,Child
4,Child
37,Adult
61,Elder
32,Adult
4,Child
16,Teenager
25,Adult
22,Adult
41,Adult
25,Adult
19,Adult
21,Adult
14,Teenager
18,Teenager
34,Adult
33,Adult
14,Teenager
28,Adult
43,Adult
3,Child
0,Child
47,Adult
28,Adult
40,Adult
17,Teenager
21,Adult
28,Adult
41,Adult
20,Adult
56,Adult
57,Adult
48,Adult
37,Adult
20,Adult
36,Adult
38,Adult
22,Adult
31,Adult
0,Child
21,Adult
49,Adult
44,Adult
28,Adult
29,Adult
16,Teenager
20,Adult
26,Adult
19,Adult
34,Adult
38,Adult
51,Adult
7,Child
3,Child
26,Adult
27,Adult
7,Child
19,Adult
28,Adult
27,Adult
31,Adult
26,Adult
43,Adult
23,Adult
14,Teenager
47,Adult
17,Teenager
64,Elder
13,Teenager
18,Teenager
29,Adult
70,Elder
23,Adult
23,Adult
35,Adult
17,Teenager
26,Adult
15,Teenager
19,Adult
20,Adult
51,Adult
17,Teenager
27,Adult
43,Adult
5,Child
17,Teenager
40,Adult
38,Adult
20,Adult
13,Teenager
15,Teenager
15,Teenager
59,Adult
24,Adult
28,Adult
52,Adult
38,Adult
26,Adult
17,Teenager
17,Teenager
20,Adult
15,Teenager
30,Adult
22,Adult
18,Teenager
22,Adult
20,Adult
22,Adult
34,Adult
28,Adult
50,Adult
19,Adult
21,Adult
0,Child
4,Child
59,Adult
15,Teenager
24,Adult
26,Adult
67,Elder
55,Adult
50,Adult
23,Adult
21,Adult
15,Teenager
41,Adult
59,Adult
18,Teenager
21,Adult
14,Teenager
50,Adult
32,Adult
46,Adult
28,Adult
58,Adult
15,Teenager
35,Adult
30,Adult
30,Adult
43,Adult
21,Adult
15,Teenager
37,Adult
28,Adult
28,Adult
40,Adult
42,Adult
21,Adult
31,Adult
51,Adult
73,Elder
26,Adult
33,Adult
39,Adult
19,Adult
12,Child
10,Child
0,Child
0,Child
1,Child
33,Adult
23,Adult
5,Child
24,Adult
26,Adult
30,Adult
33,Adult
56,Adult
25,Adult
28,Adult
25,Adult
18,Teenager
60,Adult
41,Adult
16,Teenager
17,Teenager
26,Adult
31,Adult
67,Elder
16,Teenager
24,Adult
19,Adult
48,Adult
30,Adult
22,Adult
28,Adult
23,Adult
29,Adult
22,Adult
48,Adult
26,Adult
23,Adult
55,Adult
46,Adult
38,Adult
2,Child
3,Child
20,Adult
65,Elder
28,Adult
25,Adult
54,Adult
25,Adult
14,Teenager
53,Adult
0,Child
39,Adult
22,Adult
31,Adult
24,Adult
35,Adult
35,Adult
32,Adult
61,Elder
58,Adult
26,Adult
4,Child
1,Child
8,Child
7,Child
25,Adult
6,Child
29,Adult
64,Elder
31,Adult
25,Adult
30,Adult
0,Child
29,Adult
37,Adult
49,Adult
36,Adult
20,Adult
20,Adult
18,Teenager
17,Teenager
48,Adult
26,Adult
35,Adult
30,Adult
22,Adult
5,Child
43,Adult
52,Adult
50,Adult
29,Adult
19,Adult
39,Adult
38,Adult
21,Adult
25,Adult
42,Adult
36,Adult
19,Adult
42,Adult
40,Adult
14,Teenager
50,Adult
18,Teenager
46,Adult
28,Adult
15,Teenager
22,Adult
0,Child
52,Adult
38,Adult
46,Adult
23,Adult
63,Elder
24,Adult
50,Adult
20,Adult
55,Adult
21,Adult
56,Adult
45,Adult
18,Teenager
47,Adult
36,Adult
57,Adult
13,Teenager
27,Adult
20,Adult
47,Adult
15,Teenager
34,Adult
21,Adult
51,Adult
23,Adult
58,Adult
37,Adult
44,Adult
25,Adult
15,Teenager
40,Adult
29,Adult
36,Adult
21,Adult
35,Adult
24,Adult
2,Child
0,Child
43,Adult
63,Elder
30,Adult
38,Adult
27,Adult
54,Adult
39,Adult
41,Adult
22,Adult
23,Adult
34,Adult
26,Adult
39,Adult
15,Teenager
64,Elder
25,Adult
35,Adult
19,Adult
26,Adult
3,Child
29,Adult
44,Adult
27,Adult
17,Teenager
37,Adult
19,Adult
44,Adult
22,Adult
22,Adult
21,Adult
31,Adult
17,Teenager
30,Adult
15,Teenager
42,Adult
55,Adult
28,Adult
33,Adult
19,Adult
24,Adult
4,Child
2,Child
30,Adult
31,Adult
17,Teenager
40,Adult
33,Adult
46,Adult
30,Adult
17,Teenager
19,Adult
22,Adult
20,Adult
36,Adult
0,Child
17,Teenager
28,Adult
15,Teenager
20,Adult
19,Adult
24,Adult
43,Adult
26,Adult
42,Adult
21,Adult
50,Adult
25,Adult
64,Elder
50,Adult
24,Adult
27,Adult
42,Adult
30,Adult
20,Adult
31,Adult
26,Adult
39,Adult
28,Adult
32,Adult
25,Adult
6,Child
3,Child
11,Child
52,Adult
14,Teenager
68,Elder
18,Teenager
55,Adult
22,Adult
34,Adult
17,Teenager
38,Adult
13,Teenager
19,Adult
30,Adult
27,Adult
17,Teenager
45,Adult
28,Adult
23,Adult
24,Adult
23,Adult
29,Adult
46,Adult
17,Teenager
20,Adult
24,Adult
40,Adult
28,Adult
38,Adult
65,Elder
19,Adult
54,Adult
38,Adult
40,Adult
21,Adult
22,Adult
33,Adult
18,Teenager
43,Adult
13,Teenager
26,Adult
22,Adult
21,Adult
25,Adult
29,Adult
49,Adult
29,Adult
45,Adult
45,Adult
30,Adult
29,Adult
26,Adult
16,Teenager
20,Adult
33,Adult
18,Teenager
24,Adult
29,Adult
40,Adult
27,Adult
35,Adult
31,Adult
26,Adult
49,Adult
23,Adult
23,Adult
14,Teenager
21,Adult
18,Teenager
28,Adult
19,Adult
22,Adult
17,Teenager
13,Teenager
26,Adult
28,Adult
16,Teenager
20,Adult
20,Adult
23,Adult
61,Elder
27,Adult
3,Child
4,Child
13,Teenager
19,Adult
18,Teenager
66,Elder
39,Adult
21,Adult
7,Child
56,Adult
15,Teenager
28,Adult
13,Teenager
18,Teenager
38,Adult
45,Adult
21,Adult
19,Adult
49,Adult
21,Adult
18,Teenager
43,Adult
27,Adult
0,Child
27,Adult
21,Adult
20,Adult
35,Adult
20,Adult
24,Adult
41,Adult
23,Adult
27,Adult
58,Adult
53,Adult
30,Adult
24,Adult
31,Adult
46,Adult
20,Adult
20,Adult
30,Adult
24,Adult
34,Adult
20,Adult
48,Adult
25,Adult
43,Adult
27,Adult
47,Adult
26,Adult
37,Adult
42,Adult
61,Elder
29,Adult
32,Adult
51,Adult
43,Adult
25,Adult
31,Adult
13,Teenager
20,Adult
29,Adult
16,Teenager
15,Teenager
50,Adult
41,Adult
43,Adult
32,Adult
36,Adult
18,Teenager
47,Adult
29,Adult
28,Adult
14,Teenager
25,Adult
63,Elder
22,Adult
32,Adult
31,Adult
24,Adult
39,Adult
20,Adult
20,Adult
19,Adult
20,Adult
31,Adult
17,Teenager
24,Adult
27,Adult
28,Adult
41,Adult
25,Adult
26,Adult
27,Adult
22,Adult
62,Elder
58,Adult
37,Adult
54,Adult
26,Adult
44,Adult
34,Adult
47,Adult
27,Adult
22,Adult
46,Adult
29,Adult
43,Adult
42,Adult
39,Adult
30,Adult
43,Adult
19,Adult
26,Adult
46,Adult
3,Child
21,Adult
1,Child
22,Adult
27,Adult
28,Adult
36,Adult
19,Adult
18,Teenager
47,Adult
18,Teenager
6,Child
20,Adult
18,Teenager
37,Adult
22,Adult
37,Adult
6,Child
36,Adult
46,Adult
75,Elder
37,Adult
22,Adult
33,Adult
35,Adult
19,Adult
34,Adult
23,Adult
37,Adult
24,Adult
54,Adult
52,Adult
60,Adult
1,Child
28,Adult
22,Adult
27,Adult
48,Adult
47,Adult
25,Adult
49,Adult
33,Adult
67,Elder
5,Child
60,Adult
56,Adult
59,Adult
44,Adult
33,Adult
28,Adult
29,Adult
13,Teenager
34,Adult
45,Adult
39,Adult
18,Teenager
57,Adult
28,Adult
25,Adult
22,Adult
32,Adult
29,Adult
21,Adult
16,Teenager
45,Adult
44,Adult
27,Adult
26,Adult
46,Adult
24,Adult
15,Teenager
53,Adult
28,Adult
11,Child
7,Child
0,Child
15,Teenager
31,Adult
9,Child
44,Adult
35,Adult
30,Adult
13,Teenager
45,Adult
4,Child
21,Adult
20,Adult
24,Adult
3,Child
29,Adult
28,Adult
44,Adult
50,Adult
35,Adult
19,Adult
22,Adult
30,Adult
36,Adult
20,Adult
22,Adult
22,Adult
32,Adult
35,Adult
41,Adult
57,Adult
3,Child
11,Child
4,Child
17,Teenager
30,Adult
11,Child
23,Adult
58,Adult
22,Adult
24,Adult
20,Adult
37,Adult
49,Adult
46,Adult
30,Adult
36,Adult
21,Adult
25,Adult
42,Adult
13,Teenager
25,Adult
29,Adult
17,Teenager
36,Adult
44,Adult
18,Teenager
22,Adult
22,Adult
43,Adult
29,Adult
24,Adult
18,Teenager
42,Adult
43,Adult
32,Adult
15,Teenager
22,Adult
20,Adult
34,Adult
70,Elder
18,Teenager
26,Adult
17,Teenager
13,Teenager
19,Adult
32,Adult
33,Adult
21,Adult
23,Adult
24,Adult
17,Teenager
34,Adult
31,Adult
43,Adult
43,Adult
33,Adult
28,Adult
27,Adult
7,Child
16,Teenager
42,Adult
27,Adult
19,Adult
42,Adult
13,Teenager
16,Teenager
21,Adult
28,Adult
69,Elder
15,Teenager
48,Adult
42,Adult
42,Adult
23,Adult
26,Adult
45,Adult
30,Adult
36,Adult
28,Adult
35,Adult
21,Adult
50,Adult
52,Adult
21,Adult
41,Adult
35,Adult
26,Adult
17,Teenager
69,Elder
27,Adult
25,Adult
27,Adult
25,Adult
36,Adult
14,Teenager
27,Adult
22,Adult
24,Adult
28,Adult
4,Child
19,Adult
19,Adult
38,Adult
39,Adult
23,Adult
57,Adult
18,Teenager
43,Adult
28,Adult
33,Adult
37,Adult
28,Adult
28,Adult
18,Teenager
29,Adult
29,Adult
28,Adult
24,Adult
59,Adult
43,Adult
20,Adult
23,Adult
27,Adult
38,Adult
38,Adult
48,Adult
25,Adult
25,Adult
24,Adult
69,Elder
20,Adult
18,Teenager
28,Adult
23,Adult
24,Adult
44,Adult
29,Adult
6,Child
42,Adult
78,Elder
36,Adult
37,Adult
41,Adult
18,Teenager
62,Elder
0,Child
55,Adult
16,Teenager
32,Adult
19,Adult
7,Child
4,Child
30,Adult
24,Adult
34,Adult
30,Adult
3,Child
32,Adult
55,Adult
0,Child
51,Adult
0,Child
21,Adult
2,Child
19,Adult
24,Adult
20,Adult
42,Adult
17,Teenager
32,Adult
28,Adult
21,Adult
56,Adult
28,Adult
42,Adult
18,Teenager
24,Adult
20,Adult
22,Adult
22,Adult
21,Adult
28,Adult
26,Adult
50,Adult
26,Adult
30,Adult
29,Adult
8,Child
45,Adult
35,Adult
18,Teenager
23,Adult
29,Adult
18,Teenager
28,Adult
34,Adult
0,Child
4,Child
28,Adult
8,Child
20,Adult
20,Adult
25,Adult
31,Adult
37,Adult
21,Adult
24,Adult
34,Adult
0,Child
25,Adult
43,Adult
28,Adult
45,Adult
63,Elder
17,Teenager
35,Adult
12,Child
28,Adult
17,Teenager
32,Adult
23,Adult
17,Teenager
34,Adult
15,Teenager
14,Teenager
22,Adult
19,Adult
40,Adult
25,Adult
51,Adult
22,Adult
50,Adult
26,Adult
39,Adult
18,Teenager
22,Adult
26,Adult
19,Adult
16,Teenager
24,Adult
34,Adult
55,Adult
42,Adult
14,Teenager
28,Adult
26,Adult
33,Adult
24,Adult
23,Adult
16,Teenager
36,Adult
44,Adult
22,Adult
30,Adult
20,Adult
21,Adult
14,Teenager
27,Adult
19,Adult
21,Adult
28,Adult
13,Teenager
71,Elder
28,Adult
18,Teenager
23,Adult
34,Adult
20,Adult
17,Teenager
21,Adult
33,Adult
34,Adult
51,Adult
21,Adult
28,Adult
31,Adult
36,Adult
39,Adult
26,Adult
51,Adult
24,Adult
27,Adult
31,Adult
24,Adult
57,Adult
36,Adult
55,Adult
28,Adult
18,Teenager
27,Adult
50,Adult
24,Adult
20,Adult
24,Adult
18,Teenager
44,Adult
27,Adult
58,Adult
29,Adult
23,Adult
3,Child
0,Child
33,Adult
12,Child
44,Adult
20,Adult
59,Adult
18,Teenager
72,Elder
23,Adult
11,Child
1,Child
25,Adult
25,Adult
24,Adult
54,Adult
17,Teenager
48,Adult
40,Adult
2,Child
32,Adult
15,Teenager
52,Adult
16,Teenager
16,Teenager
16,Teenager
6,Child
10,Child
27,Adult
45,Adult
26,Adult
29,Adult
38,Adult
19,Adult
43,Adult
15,Teenager
31,Adult
52,Adult
49,Adult
29,Adult
18,Teenager
41,Adult
9,Child
28,Adult
58,Adult
39,Adult
13,Teenager
36,Adult
23,Adult
24,Adult
33,Adult
18,Teenager
2,Child
0,Child
36,Adult
15,Teenager
31,Adult
42,Adult
27,Adult
36,Adult
0,Child
3,Child
22,Adult
56,Adult
23,Adult
25,Adult
29,Adult
17,Teenager
13,Teenager
35,Adult
53,Adult
24,Adult
38,Adult
21,Adult
29,Adult
46,Adult
58,Adult
53,Adult
21,Adult
27,Adult
31,Adult
23,Adult
41,Adult
29,Adult
54,Adult
43,Adult
36,Adult
48,Adult
34,Adult
42,Adult
17,Teenager
22,Adult
37,Adult
38,Adult
21,Adult
23,Adult
27,Adult
23,Adult
19,Adult
28,Adult
33,Adult
24,Adult
0,Child
41,Adult
19,Adult
44,Adult
43,Adult
14,Teenager
18,Teenager
25,Adult
0,Child
4,Child
24,Adult
38,Adult
44,Adult
57,Adult
3,Child
5,Child
3,Child
18,Teenager
8,Child
21,Adult
35,Adult
47,Adult
28,Adult
49,Adult
23,Adult
19,Adult
34,Adult
40,Adult
26,Adult
23,Adult
22,Adult
51,Adult
44,Adult
50,Adult
28,Adult
13,Teenager
21,Adult
20,Adult
14,Teenager
38,Adult
29,Adult
36,Adult
16,Teenager
40,Adult
28,Adult
18,Teenager
17,Teenager
32,Adult
27,Adult
34,Adult
53,Adult
36,Adult
41,Adult
51,Adult
61,Elder
59,Adult
17,Teenager
27,Adult
57,Adult
39,Adult
55,Adult
42,Adult
36,Adult
42,Adult
32,Adult
6,Child
15,Teenager
28,Adult
37,Adult
44,Adult
71,Elder
44,Adult
36,Adult
18,Teenager
3,Child
12,Child
0,Child
29,Adult
9,Child
27,Adult
24,Adult
38,Adult
28,Adult
26,Adult
16,Teenager
24,Adult
33,Adult
24,Adult
29,Adult
25,Adult
0,Child
13,Teenager
7,Child
32,Adult
34,Adult
49,Adult
43,Adult
0,Child
6,Child
23,Adult
43,Adult
23,Adult
43,Adult
41,Adult
54,Adult
51,Adult
44,Adult
48,Adult
45,Adult
20,Adult
33,Adult
21,Adult
68,Elder
23,Adult
16,Teenager
35,Adult
22,Adult
51,Adult
2,Child
29,Adult
0,Child
39,Adult
55,Adult
22,Adult
20,Adult
25,Adult
18,Teenager
28,Adult
26,Adult
28,Adult
54,Adult
56,Adult
25,Adult
26,Adult
14,Teenager
21,Adult
43,Adult
37,Adult
28,Adult
38,Adult
14,Teenager
20,Adult
33,Adult
33,Adult
13,Teenager
37,Adult
15,Teenager
33,Adult
24,Adult
49,Adult
24,Adult
24,Adult
26,Adult
40,Adult
31,Adult
47,Adult
19,Adult
38,Adult
33,Adult
45,Adult
1,Child
32,Adult
70,Elder
19,Adult
55,Adult
48,Adult
66,Elder
13,Teenager
40,Adult
35,Adult
32,Adult
51,Adult
37,Adult
31,Adult
37,Adult
38,Adult
19,Adult
33,Adult
19,Adult
31,Adult
43,Adult
22,Adult
24,Adult
21,Adult
14,Teenager
30,Adult
22,Adult
11,Child
4,Child
0,Child
30,Adult
21,Adult
40,Adult
57,Adult
35,Adult
32,Adult
32,Adult
30,Adult
69,Elder
21,Adult
17,Teenager
16,Teenager
25,Adult
25,Adult
52,Adult
13,Teenager
37,Adult
13,Teenager
45,Adult
55,Adult
22,Adult
39,Adult
35,Adult
19,Adult
7,Child
19,Adult
21,Adult
37,Adult
35,Adult
22,Adult
62,Elder
41,Adult
16,Teenager
26,Adult
36,Adult
28,Adult
22,Adult
40,Adult
50,Adult
57,Adult
15,Teenager
23,Adult
60,Adult
73,Elder
35,Adult
28,Adult
27,Adult
14,Teenager
26,Adult
22,Adult
22,Adult
71,Elder
25,Adult
27,Adult
1,Child
52,Adult
0,Child
30,Adult
52,Adult
12,Child
22,Adult
24,Adult
22,Adult
15,Teenager
21,Adult
56,Adult
50,Adult
20,Adult
32,Adult
28,Adult
74,Elder
25,Adult
31,Adult
6,Child
17,Teenager
12,Child
47,Adult
46,Adult
31,Adult
36,Adult
15,Teenager
38,Adult
48,Adult
21,Adult
4,Child
31,Adult
31,Adult
62,Elder
29,Adult
30,Adult
26,Adult
43,Adult
32,Adult
24,Adult
49,Adult
21,Adult
18,Teenager
18,Teenager
14,Teenager
21,Adult
25,Adult
56,Adult
0,Child
55,Adult
14,Teenager
13,Teenager
43,Adult
39,Adult
28,Adult
24,Adult
26,Adult
22,Adult
26,Adult
19,Adult
38,Adult
38,Adult
77,Elder
28,Adult
22,Adult
20,Adult
18,Teenager
10,Child
34,Adult
43,Adult
31,Adult
40,Adult
25,Adult
68,Elder
20,Adult
27,Adult
1,Child
60,Adult
28,Adult
11,Child
0,Child
9,Child
38,Adult
18,Teenager
40,Adult
21,Adult
24,Adult
26,Adult
47,Adult
46,Adult
55,Adult
50,Adult
10,Child
17,Teenager
20,Adult
37,Adult
24,Adult
43,Adult
0,Child
24,Adult
22,Adult
14,Teenager
3,Child
22,Adult
23,Adult
56,Adult
36,Adult
58,Adult
1,Child
39,Adult
33,Adult
19,Adult
28,Adult
33,Adult
17,Teenager
28,Adult
21,Adult
45,Adult
62,Elder
43,Adult
27,Adult
1,Child
31,Adult
18,Teenager
21,Adult
7,Child
22,Adult
26,Adult
30,Adult
17,Teenager
28,Adult
10,Child
25,Adult
21,Adult
53,Adult
21,Adult
28,Adult
20,Adult
54,Adult
9,Child
20,Adult
19,Adult
32,Adult
22,Adult
35,Adult
26,Adult
51,Adult
8,Child
40,Adult
2,Child
19,Adult
32,Adult
16,Teenager
64,Elder
35,Adult
33,Adult
9,Child
21,Adult
28,Adult
28,Adult
31,Adult
32,Adult
43,Adult
60,Adult
43,Adult
43,Adult
19,Adult
21,Adult
38,Adult
17,Teenager
29,Adult
2,Child
22,Adult
18,Teenager
16,Teenager
52,Adult
52,Adult
14,Teenager
25,Adult
34,Adult
20,Adult
28,Adult
28,Adult
20,Adult
44,Adult
64,Elder
27,Adult
24,Adult
38,Adult
47,Adult
8,Child
1,Child
0,Child
20,Adult
41,Adult
35,Adult
31,Adult
14,Teenager
25,Adult
26,Adult
26,Adult
30,Adult
49,Adult
19,Adult
15,Teenager
27,Adult
39,Adult
32,Adult
11,Child
44,Adult
36,Adult
56,Adult
42,Adult
40,Adult
53,Adult
31,Adult
14,Teenager
31,Adult
42,Adult
32,Adult
34,Adult
55,Adult
42,Adult
40,Adult
48,Adult
37,Adult
17,Teenager
60,Adult
19,Adult
30,Adult
32,Adult
28,Adult
26,Adult
24,Adult
47,Adult
32,Adult
73,Elder
17,Teenager
47,Adult
28,Adult
13,Teenager
22,Adult
61,Elder
19,Adult
45,Adult
18,Teenager
32,Adult
52,Adult
25,Adult
9,Child
18,Teenager
26,Adult
20,Adult
6,Child
5,Child
40,Adult
20,Adult
18,Teenager
42,Adult
14,Teenager
33,Adult
23,Adult
35,Adult
53,Adult
56,Adult
35,Adult
18,Teenager
25,Adult
20,Adult
44,Adult
26,Adult
23,Adult
39,Adult
25,Adult
42,Adult
20,Adult
4,Child
64,Elder
0,Child
19,Adult
6,Child
23,Adult
22,Adult
18,Teenager
21,Adult
37,Adult
24,Adult
38,Adult
11,Child
6,Child
49,Adult
55,Adult
15,Teenager
19,Adult
16,Teenager
48,Adult
25,Adult
23,Adult
27,Adult
39,Adult
28,Adult
72,Elder
47,Adult
65,Elder
40,Adult
18,Teenager
27,Adult
21,Adult
37,Adult
31,Adult
33,Adult
53,Adult
27,Adult
74,Elder
28,Adult
23,Adult
74,Elder
23,Adult
26,Adult
0,Child
0,Child
24,Adult
28,Adult
17,Teenager
26,Adult
39,Adult
17,Teenager
15,Teenager
37,Adult
38,Adult
33,Adult
16,Teenager
41,Adult
7,Child
20,Adult
44,Adult
42,Adult
29,Adult
22,Adult
21,Adult
21,Adult
21,Adult
13,Teenager
16,Teenager
36,Adult
36,Adult
26,Adult
28,Adult
14,Teenager
29,Adult
19,Adult
51,Adult
64,Elder
41,Adult
28,Adult
16,Teenager
20,Adult
31,Adult
38,Adult
59,Adult
18,Teenager
33,Adult
33,Adult
49,Adult
4,Child
0,Child
0,Child
24,Adult
52,Adult
50,Adult
31,Adult
25,Adult
62,Elder
49,Adult
24,Adult
33,Adult
20,Adult
46,Adult
26,Adult
52,Adult
28,Adult
39,Adult
29,Adult
19,Adult
15,Teenager
33,Adult
47,Adult
34,Adult
26,Adult
15,Teenager
28,Adult
27,Adult
38,Adult
21,Adult
1,Child
38,Adult
0,Child
32,Adult
27,Adult
48,Adult
22,Adult
28,Adult
19,Adult
37,Adult
46,Adult
26,Adult
16,Teenager
0,Child
0,Child
26,Adult
13,Teenager
23,Adult
70,Elder
21,Adult
40,Adult
18,Teenager
23,Adult
15,Teenager
28,Adult
45,Adult
18,Teenager
23,Adult
36,Adult
25,Adult
28,Adult
29,Adult
31,Adult
14,Teenager
31,Adult
39,Adult
17,Teenager
56,Adult
36,Adult
21,Adult
48,Adult
53,Adult
5,Child
21,Adult
50,Adult
18,Teenager
28,Adult
28,Adult
18,Teenager
37,Adult
19,Adult
27,Adult
37,Adult
43,Adult
17,Teenager
21,Adult
55,Adult
14,Teenager
24,Adult
26,Adult
19,Adult
20,Adult
14,Teenager
19,Adult
15,Teenager
25,Adult
24,Adult
22,Adult
26,Adult
23,Adult
20,Adult
53,Adult
55,Adult
22,Adult
35,Adult
40,Adult
22,Adult
22,Adult
21,Adult
64,Elder
40,Adult
8,Child
25,Adult
19,Adult
24,Adult
11,Child
31,Adult
46,Adult
31,Adult
17,Teenager
16,Teenager
57,Adult
28,Adult
27,Adult
28,Adult
26,Adult
17,Teenager
36,Adult
24,Adult
18,Teenager
20,Adult
10,Child
28,Adult
23,Adult
36,Adult
27,Adult
54,Adult
38,Adult
29,Adult
37,Adult
36,Adult
18,Teenager
28,Adult
61,Elder
19,Adult
29,Adult
37,Adult
29,Adult
38,Adult
41,Adult
23,Adult
48,Adult
0,Child
46,Adult
36,Adult
42,Adult
28,Adult
16,Teenager
43,Adult
40,Adult
22,Adult
39,Adult
37,Adult
28,Adult
29,Adult
14,Teenager
15,Teenager
17,Teenager
4,Child
24,Adult
28,Adult
22,Adult
38,Adult
30,Adult
29,Adult
26,Adult
41,Adult
50,Adult
34,Adult
24,Adult
24,Adult
45,Adult
35,Adult
23,Adult
23,Adult
21,Adult
19,Adult
24,Adult
2,Child
0,Child
20,Adult
35,Adult
34,Adult
26,Adult
26,Adult
32,Adult
25,Adult
30,Adult
57,Adult
23,Adult
32,Adult
27,Adult
20,Adult
21,Adult
19,Adult
16,Teenager
18,Teenager
18,Teenager
22,Adult
28,Adult
35,Adult
8,Child
5,Child
40,Adult
31,Adult
9,Child
56,Adult
39,Adult
18,Teenager
45,Adult
33,Adult
2,Child
1,Child
2,Child
16,Teenager
18,Teenager
28,Adult
45,Adult
24,Adult
35,Adult
16,Teenager
40,Adult
5,Child
29,Adult
31,Adult
27,Adult
34,Adult
15,Teenager
43,Adult
30,Adult
61,Elder
48,Adult
17,Teenager
19,Adult
29,Adult
2,Child
24,Adult
19,Adult
34,Adult
19,Adult
39,Adult
26,Adult
53,Adult
18,Teenager
28,Adult
45,Adult
32,Adult
18,Teenager
48,Adult
24,Adult
52,Adult
55,Adult
43,Adult
24,Adult
8,Child
18,Teenager
38,Adult
18,Teenager
23,Adult
26,Adult
21,Adult
45,Adult
24,Adult
44,Adult
20,Adult
47,Adult
16,Teenager
28,Adult
8,Child
20,Adult
22,Adult
42,Adult
23,Adult
30,Adult
18,Teenager
35,Adult
42,Adult
46,Adult
29,Adult
35,Adult
48,Adult
24,Adult
38,Adult
51,Adult
77,Elder
22,Adult
38,Adult
42,Adult
55,Adult
7,Child
28,Adult
25,Adult
15,Teenager
13,Teenager
23,Adult
28,Adult
33,Adult
26,Adult
67,Elder
27,Adult
33,Adult
18,Teenager
36,Adult
18,Teenager
51,Adult
54,Adult
33,Adult
18,Teenager
57,Adult
23,Adult
24,Adult
20,Adult
32,Adult
21,Adult
28,Adult
41,Adult
27,Adult
49,Adult
18,Teenager
34,Adult
73,Elder
40,Adult
63,Elder
21,Adult
21,Adult
23,Adult
31,Adult
41,Adult
15,Teenager
36,Adult
24,Adult
27,Adult
24,Adult
19,Adult
25,Adult
39,Adult
15,Teenager
31,Adult
25,Adult
57,Adult
28,Adult
18,Teenager
33,Adult
23,Adult
34,Adult
38,Adult
21,Adult
31,Adult
13,Teenager
54,Adult
13,Teenager
18,Teenager
28,Adult
43,Adult
56,Adult
63,Elder
9,Child
9,Child
0,Child
16,Teenager
42,Adult
9,Child
22,Adult
47,Adult
30,Adult
29,Adult
28,Adult
22,Adult
19,Adult
31,Adult
17,Teenager
38,Adult
13,Teenager
36,Adult
0,Child
21,Adult
18,Teenager
36,Adult
27,Adult
5,Child
18,Teenager
25,Adult
14,Teenager
23,Adult
2,Child
1,Child
7,Child
6,Child
56,Adult
4,Child
65,Elder
36,Adult
25,Adult
41,Adult
20,Adult
18,Teenager
15,Teenager
23,Adult
29,Adult
33,Adult
14,Teenager
55,Adult
30,Adult
21,Adult
26,Adult
33,Adult
18,Teenager
9,Child
0,Child
19,Adult
18,Teenager
38,Adult
42,Adult
28,Adult
37,Adult
29,Adult
42,Adult
18,Teenager
34,Adult
34,Adult
18,Teenager
24,Adult
24,Adult
56,Adult
2,Child
12,Child
37,Adult
60,Adult
55,Adult
20,Adult
28,Adult
28,Adult
37,Adult
18,Teenager
14,Teenager
29,Adult
51,Adult
45,Adult
45,Adult
41,Adult
21,Adult
28,Adult
0,Child
46,Adult
41,Adult
13,Teenager
55,Adult
20,Adult
21,Adult
49,Adult
27,Adult
0,Child
22,Adult
17,Teenager
23,Adult
44,Adult
29,Adult
19,Adult
3,Child
29,Adult
19,Adult
22,Adult
33,Adult
28,Adult
50,Adult
54,Adult
43,Adult
17,Teenager
26,Adult
44,Adult
51,Adult
29,Adult
4,Child
40,Adult
27,Adult
8,Child
3,Child
11,Child
24,Adult
25,Adult
28,Adult
25,Adult
27,Adult
25,Adult
0,Child
58,Adult
3,Child
4,Child
2,Child
34,Adult
5,Child
3,Child
46,Adult
22,Adult
8,Child
17,Teenager
4,Child
12,Child
40,Adult
16,Teenager
41,Adult
8,Child
14,Teenager
2,Child
59,Adult
45,Adult
52,Adult
33,Adult
51,Adult
38,Adult
14,Teenager
42,Adult
28,Adult
34,Adult
21,Adult
30,Adult
28,Adult
26,Adult
23,Adult
20,Adult
59,Adult
37,Adult
32,Adult
37,Adult
27,Adult
42,Adult
29,Adult
2,Child
10,Child
0,Child
21,Adult
8,Child
28,Adult
27,Adult
13,Teenager
49,Adult
38,Adult
21,Adult
22,Adult
14,Teenager
24,Adult
24,Adult
34,Adult
1,Child
28,Adult
26,Adult
28,Adult
32,Adult
2,Child
10,Child
49,Adult
14,Teenager
29,Adult
25,Adult
36,Adult
22,Adult
21,Adult
36,Adult
54,Adult
30,Adult
0,Child
1,Child
42,Adult
47,Adult
25,Adult
18,Teenager
22,Adult
27,Adult
24,Adult
28,Adult
22,Adult
60,Adult
38,Adult
23,Adult
21,Adult
55,Adult
20,Adult
50,Adult
22,Adult
21,Adult
26,Adult
36,Adult
46,Adult
26,Adult
24,Adult
14,Teenager
46,Adult
15,Teenager
30,Adult
28,Adult
38,Adult
48,Adult
31,Adult
41,Adult
43,Adult
23,Adult
48,Adult
47,Adult
19,Adult
25,Adult
28,Adult
16,Teenager
45,Adult
31,Adult
19,Adult
21,Adult
28,Adult
22,Adult
23,Adult
54,Adult
0,Child
4,Child
23,Adult
19,Adult
34,Adult
18,Teenager
40,Adult
58,Adult
39,Adult
23,Adult
11,Child
43,Adult
29,Adult
36,Adult
13,Teenager
54,Adult
45,Adult
33,Adult
46,Adult
15,Teenager
35,Adult
23,Adult
15,Teenager
27,Adult
15,Teenager
27,Adult
16,Teenager
37,Adult
45,Adult
58,Adult
28,Adult
38,Adult
28,Adult
47,Adult
41,Adult
28,Adult
23,Adult
24,Adult
58,Adult
36,Adult
24,Adult
56,Adult
15,Teenager
19,Adult
27,Adult
47,Adult
37,Adult
39,Adult
20,Adult
20,Adult
38,Adult
46,Adult
13,Teenager
24,Adult
32,Adult
28,Adult
44,Adult
19,Adult
30,Adult
23,Adult
4,Child
0,Child
17,Teenager
44,Adult
31,Adult
41,Adult
33,Adult
43,Adult
43,Adult
36,Adult
19,Adult
24,Adult
17,Teenager
23,Adult
17,Teenager
18,Teenager
34,Adult
13,Teenager
66,Elder
27,Adult
19,Adult
55,Adult
40,Adult
23,Adult
7,Child
12,Child
37,Adult
22,Adult
25,Adult
46,Adult
37,Adult
50,Adult
28,Adult
26,Adult
28,Adult
23,Adult
23,Adult
34,Adult
65,Elder
20,Adult
29,Adult
30,Adult
3,Child
40,Adult
32,Adult
31,Adult
13,Teenager
29,Adult
28,Adult
19,Adult
24,Adult
22,Adult
13,Teenager
21,Adult
24,Adult
47,Adult
27,Adult
18,Teenager
36,Adult
68,Elder
31,Adult
28,Adult
36,Adult
17,Teenager
13,Teenager
30,Adult
58,Adult
43,Adult
20,Adult
29,Adult
15,Teenager
30,Adult
33,Adult
25,Adult
62,Elder
41,Adult
27,Adult
18,Teenager
27,Adult
19,Adult
37,Adult
24,Adult
29,Adult
44,Adult
19,Adult
39,Adult
63,Elder
39,Adult
41,Adult
27,Adult
56,Adult
22,Adult
26,Adult
24,Adult
18,Teenager
13,Teenager
32,Adult
30,Adult
25,Adult
55,Adult
19,Adult
24,Adult
32,Adult
24,Adult
32,Adult
36,Adult
28,Adult
52,Adult
29,Adult
23,Adult
32,Adult
35,Adult
41,Adult
16,Teenager
33,Adult
6,Child
15,Teenager
38,Adult
56,Adult
4,Child
21,Adult
22,Adult
37,Adult
6,Child
22,Adult
26,Adult
22,Adult
20,Adult
28,Adult
24,Adult
25,Adult
48,Adult
24,Adult
3,Child
24,Adult
25,Adult
1,Child
20,Adult
22,Adult
28,Adult
17,Teenager
28,Adult
47,Adult
34,Adult
29,Adult
14,Teenager
36,Adult
40,Adult
49,Adult
51,Adult
41,Adult
44,Adult
47,Adult
22,Adult
13,Teenager
18,Teenager
28,Adult
22,Adult
50,Adult
47,Adult
55,Adult
21,Adult
39,Adult
21,Adult
37,Adult
31,Adult
23,Adult
28,Adult
23,Adult
20,Adult
28,Adult
40,Adult
54,Adult
18,Teenager
27,Adult
43,Adult
25,Adult
13,Teenager
15,Teenager
37,Adult
32,Adult
19,Adult
21,Adult
27,Adult
39,Adult
22,Adult
25,Adult
34,Adult
54,Adult
42,Adult
36,Adult
43,Adult
23,Adult
57,Adult
54,Adult
51,Adult
32,Adult
33,Adult
8,Child
44,Adult
27,Adult
48,Adult
13,Teenager
5,Child
18,Teenager
23,Adult
23,Adult
35,Adult
25,Adult
32,Adult
0,Child
5,Child
16,Teenager
18,Teenager
29,Adult
55,Adult
41,Adult
38,Adult
27,Adult
55,Adult
75,Elder
50,Adult
23,Adult
37,Adult
33,Adult
45,Adult
47,Adult
13,Teenager
29,Adult
19,Adult
30,Adult
39,Adult
31,Adult
29,Adult
16,Teenager
18,Teenager
38,Adult
50,Adult
21,Adult
22,Adult
20,Adult
36,Adult
23,Adult
31,Adult
39,Adult
50,Adult
40,Adult
28,Adult
38,Adult
37,Adult
59,Adult
41,Adult
33,Adult
54,Adult
40,Adult
43,Adult
26,Adult
65,Elder
22,Adult
28,Adult
35,Adult
30,Adult
28,Adult
23,Adult
24,Adult
16,Teenager
18,Teenager
20,Adult
29,Adult
29,Adult
21,Adult
2,Child
43,Adult
28,Adult
31,Adult
23,Adult
26,Adult
43,Adult
28,Adult
24,Adult
27,Adult
13,Teenager
27,Adult
2,Child
24,Adult
2,Child
50,Adult
27,Adult
26,Adult
31,Adult
28,Adult
4,Child
9,Child
0,Child
35,Adult
3,Child
25,Adult
63,Elder
34,Adult
35,Adult
26,Adult
39,Adult
34,Adult
36,Adult
46,Adult
26,Adult
28,Adult
20,Adult
35,Adult
11,Child
14,Teenager
4,Child
11,Child
31,Adult
15,Teenager
39,Adult
7,Child
24,Adult
22,Adult
26,Adult
53,Adult
40,Adult
19,Adult
54,Adult
21,Adult
25,Adult
48,Adult
41,Adult
13,Teenager
57,Adult
25,Adult
48,Adult
34,Adult
16,Teenager
0,Child
15,Teenager
37,Adult
37,Adult
49,Adult
18,Teenager
25,Adult
28,Adult
43,Adult
20,Adult
54,Adult
30,Adult
37,Adult
30,Adult
20,Adult
20,Adult
24,Adult
44,Adult
0,Child
15,Teenager
19,Adult
20,Adult
20,Adult
34,Adult
17,Teenager
20,Adult
42,Adult
28,Adult
43,Adult
55,Adult
21,Adult
17,Teenager
54,Adult
25,Adult
28,Adult
45,Adult
31,Adult
19,Adult
30,Adult
24,Adult
28,Adult
42,Adult
29,Adult
37,Adult
64,Elder
24,Adult
23,Adult
22,Adult
23,Adult
21,Adult
37,Adult
17,Teenager
35,Adult
33,Adult
37,Adult
32,Adult
31,Adult
28,Adult
34,Adult
9,Child
25,Adult
29,Adult
1,Child
30,Adult
64,Elder
31,Adult
27,Adult
28,Adult
25,Adult
28,Adult
32,Adult
36,Adult
26,Adult
36,Adult
37,Adult
45,Adult
22,Adult
24,Adult
23,Adult
31,Adult
37,Adult
28,Adult
23,Adult
14,Teenager
40,Adult
42,Adult
53,Adult
46,Adult
28,Adult
25,Adult
34,Adult
58,Adult
31,Adult
24,Adult
52,Adult
25,Adult
17,Teenager
27,Adult
29,Adult
45,Adult
28,Adult
25,Adult
57,Adult
68,Elder
26,Adult
52,Adult
36,Adult
41,Adult
14,Teenager
16,Teenager
24,Adult
62,Elder
26,Adult
45,Adult
41,Adult
36,Adult
13,Teenager
48,Adult
28,Adult
22,Adult
39,Adult
45,Adult
42,Adult
33,Adult
27,Adult
47,Adult
20,Adult
32,Adult
54,Adult
23,Adult
9,Child
17,Teenager
26,Adult
38,Adult
24,Adult
30,Adult
2,Child
4,Child
9,Child
30,Adult
5,Child
2,Child
32,Adult
53,Adult
46,Adult
2,Child
1,Child
11,Child
3,Child
33,Adult
3,Child
38,Adult
21,Adult
41,Adult
64,Elder
27,Adult
41,Adult
19,Adult
42,Adult
30,Adult
38,Adult
63,Elder
17,Teenager
2,Child
19,Adult
37,Adult
50,Adult
38,Adult
28,Adult
35,Adult
27,Adult
15,Teenager
29,Adult
65,Elder
27,Adult
0,Child
21,Adult
19,Adult
39,Adult
60,Adult
30,Adult
30,Adult
40,Adult
26,Adult
38,Adult
22,Adult
28,Adult
65,Elder
61,Elder
20,Adult
24,Adult
16,Teenager
35,Adult
21,Adult
23,Adult
17,Teenager
24,Adult
27,Adult
26,Adult
26,Adult
20,Adult
28,Adult
37,Adult
23,Adult
49,Adult
50,Adult
4,Child
32,Adult
44,Adult
20,Adult
30,Adult
29,Adult
22,Adult
35,Adult
0,Child
6,Child
38,Adult
34,Adult
34,Adult
28,Adult
53,Adult
28,Adult
31,Adult
56,Adult
36,Adult
30,Adult
32,Adult
44,Adult
54,Adult
24,Adult
44,Adult
25,Adult
35,Adult
29,Adult
22,Adult
22,Adult
22,Adult
18,Teenager
22,Adult
52,Adult
0,Child
1,Child
34,Adult
6,Child
22,Adult
31,Adult
31,Adult
20,Adult
25,Adult
23,Adult
53,Adult
32,Adult
27,Adult
48,Adult
37,Adult
21,Adult
29,Adult
46,Adult
19,Adult
22,Adult
54,Adult
43,Adult
18,Teenager
36,Adult
20,Adult
63,Elder
50,Adult
13,Teenager
43,Adult
16,Teenager
31,Adult
0,Child
10,Child
10,Child
55,Adult
18,Teenager
7,Child
1,Child
44,Adult
27,Adult
20,Adult
49,Adult
22,Adult
21,Adult
26,Adult
65,Elder
20,Adult
0,Child
16,Teenager
22,Adult
0,Child
21,Adult
30,Adult
14,Teenager
45,Adult
22,Adult
21,Adult
37,Adult
29,Adult
29,Adult
21,Adult
52,Adult
36,Adult
59,Adult
21,Adult
25,Adult
23,Adult
36,Adult
38,Adult
0,Child
19,Adult
30,Adult
23,Adult
55,Adult
44,Adult
30,Adult
39,Adult
19,Adult
24,Adult
37,Adult
24,Adult
17,Teenager
17,Teenager
14,Teenager
13,Teenager
35,Adult
32,Adult
18,Teenager
21,Adult
25,Adult
36,Adult
20,Adult
22,Adult
27,Adult
28,Adult
38,Adult
23,Adult
21,Adult
18,Teenager
20,Adult
28,Adult
57,Adult
10,Child
23,Adult
22,Adult
24,Adult
52,Adult
31,Adult
15,Teenager
40,Adult
18,Teenager
28,Adult
40,Adult
32,Adult
35,Adult
52,Adult
34,Adult
46,Adult
23,Adult
44,Adult
59,Adult
42,Adult
18,Teenager
29,Adult
15,Teenager
19,Adult
49,Adult
19,Adult
36,Adult
59,Adult
24,Adult
4,Child
20,Adult
24,Adult
31,Adult
23,Adult
3,Child
22,Adult
20,Adult
0,Child
13,Teenager
47,Adult
51,Adult
22,Adult
3,Child
4,Child
16,Teenager
24,Adult
1,Child
31,Adult
34,Adult
20,Adult
19,Adult
19,Adult
35,Adult
3,Child
36,Adult
20,Adult
28,Adult
58,Adult
56,Adult
27,Adult
25,Adult
39,Adult
43,Adult
42,Adult
24,Adult
19,Adult
32,Adult
32,Adult
61,Elder
64,Elder
21,Adult
26,Adult
35,Adult
43,Adult
3,Child
56,Adult
45,Adult
25,Adult
12,Child
2,Child
46,Adult
32,Adult
20,Adult
24,Adult
28,Adult
12,Child
11,Child
16,Teenager
29,Adult
24,Adult
22,Adult
21,Adult
38,Adult
35,Adult
79,Elder
22,Adult
42,Adult
34,Adult
52,Adult
43,Adult
30,Adult
35,Adult
18,Teenager
27,Adult
46,Adult
15,Teenager
44,Adult
20,Adult
35,Adult
19,Adult
47,Adult
26,Adult
24,Adult
23,Adult
26,Adult
5,Child
35,Adult
18,Teenager
32,Adult
13,Teenager
15,Teenager
18,Teenager
41,Adult
36,Adult
33,Adult
41,Adult
47,Adult
32,Adult
36,Adult
13,Teenager
34,Adult
24,Adult
16,Teenager
12,Child
24,Adult
35,Adult
26,Adult
39,Adult
18,Teenager
23,Adult
29,Adult
38,Adult
31,Adult
49,Adult
17,Teenager
23,Adult
15,Teenager
11,Child
30,Adult
42,Adult
21,Adult
41,Adult
14,Teenager
27,Adult
29,Adult
25,Adult
54,Adult
46,Adult
18,Teenager
22,Adult
29,Adult
26,Adult
36,Adult
19,Adult
56,Adult
20,Adult
10,Child
14,Teenager
27,Adult
35,Adult
13,Teenager
21,Adult
22,Adult
29,Adult
32,Adult
20,Adult
44,Adult
22,Adult
39,Adult
19,Adult
0,Child
0,Child
12,Child
7,Child
32,Adult
11,Child
18,Teenager
49,Adult
61,Elder
7,Child
25,Adult
51,Adult
56,Adult
31,Adult
16,Teenager
29,Adult
17,Teenager
47,Adult
25,Adult
28,Adult
32,Adult
56,Adult
25,Adult
13,Teenager
41,Adult
28,Adult
25,Adult
11,Child
20,Adult
24,Adult
41,Adult
29,Adult
59,Adult
31,Adult
16,Teenager
65,Elder
21,Adult
27,Adult
37,Adult
42,Adult
36,Adult
24,Adult
28,Adult
19,Adult
26,Adult
19,Adult
26,Adult
35,Adult
24,Adult
9,Child
40,Adult
23,Adult
4,Child
20,Adult
21,Adult
4,Child
19,Adult
18,Teenager
26,Adult
13,Teenager
16,Teenager
14,Teenager
40,Adult
34,Adult
21,Adult
29,Adult
40,Adult
16,Teenager
37,Adult
41,Adult
16,Teenager
39,Adult
30,Adult
40,Adult
63,Elder
32,Adult
47,Adult
23,Adult
23,Adult
19,Adult
44,Adult
29,Adult
21,Adult
23,Adult
26,Adult
47,Adult
20,Adult
48,Adult
4,Child
25,Adult
0,Child
29,Adult
21,Adult
20,Adult
34,Adult
9,Child
12,Child
13,Teenager
27,Adult
34,Adult
18,Teenager
16,Teenager
43,Adult
0,Child
20,Adult
45,Adult
35,Adult
21,Adult
14,Teenager
46,Adult
22,Adult
2,Child
3,Child
28,Adult
60,Adult
48,Adult
18,Teenager
31,Adult
26,Adult
41,Adult
26,Adult
29,Adult
24,Adult
25,Adult
0,Child
30,Adult
18,Teenager
32,Adult
28,Adult
21,Adult
25,Adult
47,Adult
28,Adult
8,Child
24,Adult
30,Adult
24,Adult
13,Teenager
16,Teenager
23,Adult
16,Teenager
29,Adult
46,Adult
13,Teenager
22,Adult
29,Adult
46,Adult
24,Adult
33,Adult
38,Adult
57,Adult
28,Adult
38,Adult
28,Adult
25,Adult
22,Adult
33,Adult
35,Adult
24,Adult
31,Adult
16,Teenager
28,Adult
8,Child
20,Adult
26,Adult
43,Adult
70,Elder
17,Teenager
14,Teenager
21,Adult
37,Adult
15,Teenager
20,Adult
36,Adult
14,Teenager
21,Adult
28,Adult
20,Adult
26,Adult
25,Adult
29,Adult
39,Adult
18,Teenager
37,Adult
28,Adult
18,Teenager
30,Adult
35,Adult
26,Adult
0,Child
42,Adult
36,Adult
31,Adult
27,Adult
25,Adult
32,Adult
14,Teenager
16,Teenager
51,Adult
21,Adult
31,Adult
9,Child
7,Child
3,Child
2,Child
7,Child
18,Teenager
33,Adult
23,Adult
13,Teenager
32,Adult
27,Adult
23,Adult
25,Adult
18,Teenager
23,Adult
31,Adult
32,Adult
22,Adult
38,Adult
21,Adult
28,Adult
38,Adult
20,Adult
23,Adult
48,Adult
15,Teenager
30,Adult
40,Adult
36,Adult
20,Adult
17,Teenager
38,Adult
38,Adult
14,Teenager
28,Adult
21,Adult
18,Teenager
26,Adult
35,Adult
46,Adult
13,Teenager
39,Adult
49,Adult
28,Adult
27,Adult
21,Adult
29,Adult
27,Adult
38,Adult
18,Teenager
35,Adult
37,Adult
60,Adult
31,Adult
4,Child
34,Adult
46,Adult
18,Teenager
38,Adult
29,Adult
13,Teenager
26,Adult
30,Adult
42,Adult
36,Adult
23,Adult
34,Adult
26,Adult
31,Adult
48,Adult
10,Child
27,Adult
32,Adult
24,Adult
20,Adult
48,Adult
35,Adult
14,Teenager
28,Adult
28,Adult
42,Adult
8,Child
30,Adult
44,Adult
40,Adult
38,Adult
22,Adult
32,Adult
16,Teenager
33,Adult
38,Adult
23,Adult
16,Teenager
16,Teenager
11,Child
22,Adult
43,Adult
20,Adult
22,Adult
0,Child
30,Adult
18,Teenager
0,Child
41,Adult
39,Adult
37,Adult
26,Adult
49,Adult
28,Adult
13,Teenager
64,Elder
24,Adult
18,Teenager
18,Teenager
25,Adult
19,Adult
33,Adult
28,Adult
50,Adult
30,Adult
44,Adult
52,Adult
7,Child
30,Adult
27,Adult
24,Adult
13,Teenager
61,Elder
32,Adult
17,Teenager
36,Adult
16,Teenager
21,Adult
24,Adult
28,Adult
28,Adult
13,Teenager
39,Adult
24,Adult
38,Adult
20,Adult
21,Adult
27,Adult
49,Adult
6,Child
41,Adult
33,Adult
6,Child
35,Adult
46,Adult
31,Adult
32,Adult
31,Adult
20,Adult
57,Adult
37,Adult
21,Adult
43,Adult
49,Adult
17,Teenager
29,Adult
36,Adult
37,Adult
17,Teenager
45,Adult
20,Adult
24,Adult
28,Adult
15,Teenager
53,Adult
51,Adult
14,Teenager
1,Child
26,Adult
20,Adult
23,Adult
22,Adult
22,Adult
13,Teenager
28,Adult
40,Adult
21,Adult
35,Adult
22,Adult
37,Adult
21,Adult
50,Adult
27,Adult
20,Adult
15,Teenager
25,Adult
31,Adult
28,Adult
18,Teenager
2,Child
27,Adult
0,Child
22,Adult
28,Adult
56,Adult
28,Adult
42,Adult
20,Adult
27,Adult
29,Adult
36,Adult
23,Adult
64,Elder
19,Adult
1,Child
49,Adult
0,Child
18,Teenager
39,Adult
37,Adult
44,Adult
43,Adult
33,Adult
20,Adult
0,Child
4,Child
20,Adult
50,Adult
47,Adult
17,Teenager
26,Adult
21,Adult
20,Adult
26,Adult
28,Adult
34,Adult
11,Child
0,Child
28,Adult
33,Adult
22,Adult
28,Adult
11,Child
60,Adult
43,Adult
27,Adult
37,Adult
23,Adult
57,Adult
29,Adult
28,Adult
42,Adult
43,Adult
26,Adult
72,Elder
49,Adult
29,Adult
18,Teenager
26,Adult
19,Adult
18,Teenager
14,Teenager
44,Adult
34,Adult
18,Teenager
36,Adult
27,Adult
35,Adult
52,Adult
22,Adult
34,Adult
37,Adult
22,Adult
26,Adult
14,Teenager
53,Adult
17,Teenager
30,Adult
65,Elder
19,Adult
36,Adult
3,Child
6,Child
4,Child
21,Adult
8,Child
35,Adult
18,Teenager
34,Adult
45,Adult
31,Adult
14,Teenager
23,Adult
61,Elder
54,Adult
28,Adult
46,Adult
32,Adult
49,Adult
20,Adult
25,Adult
19,Adult
28,Adult
68,Elder
16,Teenager
19,Adult
49,Adult
15,Teenager
26,Adult
22,Adult
23,Adult
31,Adult
27,Adult
28,Adult
20,Adult
43,Adult
22,Adult
27,Adult
35,Adult
37,Adult
24,Adult
18,Teenager
15,Teenager
28,Adult
24,Adult
39,Adult
35,Adult
52,Adult
48,Adult
27,Adult
50,Adult
24,Adult
26,Adult
24,Adult
15,Teenager
42,Adult
51,Adult
43,Adult
31,Adult
14,Teenager
31,Adult
33,Adult
21,Adult
13,Teenager
29,Adult
22,Adult
22,Adult
18,Teenager
35,Adult
20,Adult
18,Teenager
66,Elder
33,Adult
48,Adult
38,Adult
62,Elder
19,Adult
44,Adult
25,Adult
15,Teenager
20,Adult
34,Adult
23,Adult
45,Adult
39,Adult
33,Adult
14,Teenager
26,Adult
47,Adult
28,Adult
28,Adult
22,Adult
17,Teenager
16,Teenager
9,Child
15,Teenager
33,Adult
61,Elder
19,Adult
61,Elder
42,Adult
4,Child
12,Child
0,Child
19,Adult
28,Adult
29,Adult
59,Adult
20,Adult
70,Elder
3,Child
37,Adult
58,Adult
44,Adult
24,Adult
20,Adult
24,Adult
27,Adult
28,Adult
24,Adult
29,Adult
25,Adult
20,Adult
34,Adult
28,Adult
28,Adult
23,Adult
39,Adult
35,Adult
18,Teenager
20,Adult
42,Adult
32,Adult
50,Adult
23,Adult
19,Adult
29,Adult
35,Adult
18,Teenager
24,Adult
23,Adult
51,Adult
42,Adult
19,Adult
23,Adult
19,Adult
22,Adult
25,Adult
31,Adult
23,Adult
22,Adult
55,Adult
40,Adult
24,Adult
25,Adult
42,Adult
33,Adult
54,Adult
22,Adult
22,Adult
19,Adult
47,Adult
23,Adult
61,Elder
21,Adult
46,Adult
36,Adult
15,Teenager
33,Adult
35,Adult
21,Adult
21,Adult
43,Adult
34,Adult
47,Adult
27,Adult
46,Adult
46,Adult
40,Adult
59,Adult
45,Adult
19,Adult
32,Adult
39,Adult
40,Adult
44,Adult
26,Adult
22,Adult
2,Child
18,Teenager
53,Adult
22,Adult
46,Adult
28,Adult
31,Adult
36,Adult
46,Adult
0,Child
3,Child
12,Child
2,Child
41,Adult
11,Child
41,Adult
17,Teenager
21,Adult
21,Adult
27,Adult
54,Adult
15,Teenager
39,Adult
31,Adult
28,Adult
21,Adult
29,Adult
45,Adult
44,Adult
12,Child
18,Teenager
20,Adult
43,Adult
46,Adult
53,Adult
21,Adult
23,Adult
9,Child
19,Adult
52,Adult
31,Adult
62,Elder
27,Adult
23,Adult
28,Adult
27,Adult
58,Adult
24,Adult
27,Adult
33,Adult
28,Adult
39,Adult
27,Adult
36,Adult
64,Elder
41,Adult
28,Adult
27,Adult
28,Adult
22,Adult
23,Adult
40,Adult
2,Child
0,Child
27,Adult
0,Child
17,Teenager
45,Adult
62,Elder
14,Teenager
24,Adult
51,Adult
49,Adult
52,Adult
35,Adult
22,Adult
17,Teenager
47,Adult
25,Adult
11,Child
17,Teenager
41,Adult
55,Adult
29,Adult
19,Adult
23,Adult
32,Adult
27,Adult
25,Adult
24,Adult
30,Adult
50,Adult
51,Adult
27,Adult
35,Adult
48,Adult
27,Adult
19,Adult
18,Teenager
25,Adult
41,Adult
62,Elder
30,Adult
6,Child
15,Teenager
34,Adult
34,Adult
23,Adult
51,Adult
63,Elder
42,Adult
19,Adult
5,Child
2,Child
15,Teenager
36,Adult
32,Adult
19,Adult
26,Adult
33,Adult
38,Adult
22,Adult
32,Adult
30,Adult
51,Adult
29,Adult
16,Teenager
32,Adult
24,Adult
23,Adult
46,Adult
49,Adult
17,Teenager
35,Adult
43,Adult
20,Adult
24,Adult
28,Adult
19,Adult
39,Adult
34,Adult
29,Adult
14,Teenager
28,Adult
30,Adult
28,Adult
32,Adult
7,Child
34,Adult
47,Adult
19,Adult
52,Adult
19,Adult
18,Teenager
32,Adult
21,Adult
22,Adult
13,Teenager
25,Adult
33,Adult
27,Adult
21,Adult
17,Teenager
15,Teenager
58,Adult
29,Adult
34,Adult
28,Adult
29,Adult
25,Adult
23,Adult
22,Adult
38,Adult
38,Adult
0,Child
28,Adult
0,Child
37,Adult
2,Child
40,Adult
47,Adult
34,Adult
43,Adult
21,Adult
43,Adult
33,Adult
28,Adult
57,Adult
28,Adult
46,Adult
19,Adult
27,Adult
2,Child
0,Child
25,Adult
47,Adult
38,Adult
24,Adult
24,Adult
25,Adult
29,Adult
44,Adult
20,Adult
23,Adult
26,Adult
20,Adult
27,Adult
23,Adult
33,Adult
30,Adult
32,Adult
19,Adult
41,Adult
50,Adult
36,Adult
21,Adult
45,Adult
26,Adult
44,Adult
24,Adult
15,Teenager
58,Adult
13,Teenager
19,Adult
25,Adult
24,Adult
20,Adult
34,Adult
13,Teenager
28,Adult
39,Adult
0,Child
10,Child
9,Child
34,Adult
11,Child
0,Child
24,Adult
16,Teenager
42,Adult
41,Adult
36,Adult
27,Adult
32,Adult
11,Child
26,Adult
28,Adult
25,Adult
5,Child
28,Adult
13,Teenager
30,Adult
15,Teenager
0,Child
49,Adult
52,Adult
15,Teenager
40,Adult
0,Child
32,Adult
15,Teenager
26,Adult
31,Adult
8,Child
18,Teenager
3,Child
44,Adult
15,Teenager
27,Adult
22,Adult
2,Child
32,Adult
16,Teenager
34,Adult
32,Adult
28,Adult
27,Adult
35,Adult
25,Adult
24,Adult
61,Elder
28,Adult
29,Adult
41,Adult
20,Adult
18,Teenager
28,Adult
18,Teenager
33,Adult
35,Adult
68,Elder
19,Adult
33,Adult
55,Adult
15,Teenager
23,Adult
23,Adult
15,Teenager
49,Adult
33,Adult
26,Adult
26,Adult
18,Teenager
17,Teenager
39,Adult
8,Child
46,Adult
32,Adult
19,Adult
36,Adult
28,Adult
39,Adult
16,Teenager
7,Child
1,Child
30,Adult
44,Adult
28,Adult
29,Adult
41,Adult
13,Teenager
18,Teenager
27,Adult
26,Adult
24,Adult
26,Adult
27,Adult
58,Adult
54,Adult
18,Teenager
13,Teenager
13,Teenager
28,Adult
57,Adult
32,Adult
32,Adult
21,Adult
34,Adult
33,Adult
36,Adult
50,Adult
28,Adult
56,Adult
42,Adult
39,Adult
13,Teenager
28,Adult
55,Adult
36,Adult
28,Adult
37,Adult
50,Adult
27,Adult
23,Adult
16,Teenager
33,Adult
46,Adult
26,Adult
24,Adult
26,Adult
2,Child
33,Adult
32,Adult
3,Child
2,Child
6,Child
28,Adult
0,Child
4,Child
58,Adult
22,Adult
51,Adult
37,Adult
17,Teenager
21,Adult
28,Adult
28,Adult
31,Adult
43,Adult
28,Adult
15,Teenager
18,Teenager
33,Adult
31,Adult
41,Adult
22,Adult
40,Adult
49,Adult
14,Teenager
22,Adult
22,Adult
25,Adult
42,Adult
16,Teenager
12,Child
18,Teenager
33,Adult
14,Teenager
36,Adult
23,Adult
24,Adult
4,Child
28,Adult
18,Teenager
21,Adult
27,Adult
34,Adult
28,Adult
35,Adult
16,Teenager
36,Adult
30,Adult
4,Child
19,Adult
3,Child
51,Adult
28,Adult
45,Adult
18,Teenager
23,Adult
15,Teenager
34,Adult
47,Adult
27,Adult
26,Adult
25,Adult
34,Adult
27,Adult
39,Adult
31,Adult
4,Child
19,Adult
59,Adult
19,Adult
25,Adult
28,Adult
37,Adult
43,Adult
18,Teenager
36,Adult
14,Teenager
42,Adult
29,Adult
23,Adult
16,Teenager
8,Child
20,Adult
50,Adult
38,Adult
39,Adult
33,Adult
30,Adult
40,Adult
22,Adult
52,Adult
26,Adult
19,Adult
33,Adult
33,Adult
20,Adult
28,Adult
10,Child
23,Adult
28,Adult
23,Adult
54,Adult
57,Adult
24,Adult
37,Adult
59,Adult
53,Adult
22,Adult
18,Teenager
17,Teenager
25,Adult
18,Teenager
20,Adult
24,Adult
33,Adult
34,Adult
24,Adult
37,Adult
23,Adult
32,Adult
13,Teenager
23,Adult
23,Adult
27,Adult
47,Adult
38,Adult
28,Adult
21,Adult
28,Adult
64,Elder
43,Adult
21,Adult
36,Adult
22,Adult
24,Adult
21,Adult
57,Adult
46,Adult
42,Adult
16,Teenager
40,Adult
3,Child
8,Child
3,Child
35,Adult
12,Child
28,Adult
47,Adult
19,Adult
46,Adult
28,Adult
5,Child
7,Child
3,Child
1,Child
7,Child
60,Adult
34,Adult
28,Adult
64,Elder
13,Teenager
15,Teenager
65,Elder
53,Adult
58,Adult
19,Adult
28,Adult
16,Teenager
48,Adult
33,Adult
31,Adult
44,Adult
40,Adult
34,Adult
21,Adult
20,Adult
9,Child
33,Adult
2,Child
53,Adult
0,Child
38,Adult
21,Adult
31,Adult
7,Child
12,Child
0,Child
17,Teenager
55,Adult
2,Child
32,Adult
16,Teenager
0,Child
29,Adult
25,Adult
39,Adult
42,Adult
0,Child
14,Teenager
29,Adult
54,Adult
35,Adult
28,Adult
18,Teenager
14,Teenager
53,Adult
48,Adult
21,Adult
44,Adult
25,Adult
0,Child
27,Adult
40,Adult
44,Adult
36,Adult
3,Child
9,Child
1,Child
17,Teenager
47,Adult
28,Adult
33,Adult
16,Teenager
30,Adult
18,Teenager
26,Adult
19,Adult
28,Adult
35,Adult
40,Adult
26,Adult
45,Adult
18,Teenager
54,Adult
13,Teenager
26,Adult
16,Teenager
37,Adult
17,Teenager
16,Teenager
18,Teenager
21,Adult
24,Adult
22,Adult
41,Adult
15,Teenager
36,Adult
23,Adult
31,Adult
19,Adult
23,Adult
47,Adult
40,Adult
34,Adult
2,Child
8,Child
0,Child
18,Teenager
11,Child
18,Teenager
19,Adult
2,Child
25,Adult
0,Child
27,Adult
34,Adult
19,Adult
22,Adult
22,Adult
52,Adult
30,Adult
65,Elder
31,Adult
51,Adult
21,Adult
27,Adult
31,Adult
28,Adult
29,Adult
23,Adult
11,Child
23,Adult
34,Adult
20,Adult
20,Adult
16,Teenager
18,Teenager
20,Adult
20,Adult
27,Adult
55,Adult
53,Adult
37,Adult
55,Adult
24,Adult
24,Adult
49,Adult
17,Teenager
39,Adult
5,Child
10,Child
1,Child
16,Teenager
51,Adult
5,Child
19,Adult
0,Child
20,Adult
0,Child
1,Child
38,Adult
40,Adult
18,Teenager
36,Adult
23,Adult
42,Adult
37,Adult
24,Adult
12,Child
2,Child
28,Adult
44,Adult
26,Adult
36,Adult
28,Adult
14,Teenager
14,Teenager
28,Adult
27,Adult
21,Adult
24,Adult
18,Teenager
24,Adult
8,Child
36,Adult
32,Adult
19,Adult
12,Child
21,Adult
13,Teenager
20,Adult
35,Adult
23,Adult
17,Teenager
29,Adult
27,Adult
22,Adult
26,Adult
1,Child
7,Child
78,Elder
24,Adult
26,Adult
50,Adult
16,Teenager
57,Adult
29,Adult
27,Adult
42,Adult
28,Adult
18,Teenager
38,Adult
32,Adult
21,Adult
6,Child
27,Adult
32,Adult
23,Adult
29,Adult
22,Adult
31,Adult
0,Child
2,Child
28,Adult
28,Adult
20,Adult
28,Adult
42,Adult
32,Adult
19,Adult
20,Adult
20,Adult
21,Adult
32,Adult
16,Teenager
21,Adult
12,Child
21,Adult
31,Adult
18,Teenager
35,Adult
44,Adult
13,Teenager
21,Adult
37,Adult
28,Adult
34,Adult
21,Adult
38,Adult
31,Adult
61,Elder
20,Adult
39,Adult
29,Adult
68,Elder
38,Adult
31,Adult
41,Adult
29,Adult
25,Adult
27,Adult
21,Adult
30,Adult
40,Adult
59,Adult
35,Adult
41,Adult
36,Adult
58,Adult
27,Adult
24,Adult
50,Adult
22,Adult
26,Adult
16,Teenager
56,Adult
25,Adult
13,Teenager
53,Adult
21,Adult
18,Teenager
38,Adult
20,Adult
24,Adult
56,Adult
47,Adult
21,Adult
28,Adult
26,Adult
34,Adult
35,Adult
35,Adult
49,Adult
24,Adult
62,Elder
25,Adult
42,Adult
25,Adult
21,Adult
17,Teenager
41,Adult
50,Adult
20,Adult
15,Teenager
29,Adult
20,Adult
35,Adult
22,Adult
43,Adult
54,Adult
15,Teenager
38,Adult
44,Adult
34,Adult
15,Teenager
24,Adult
29,Adult
19,Adult
27,Adult
26,Adult
46,Adult
64,Elder
17,Teenager
45,Adult
27,Adult
29,Adult
18,Teenager
26,Adult
39,Adult
59,Adult
20,Adult
17,Teenager
47,Adult
29,Adult
16,Teenager
48,Adult
39,Adult
28,Adult
12,Child
24,Adult
30,Adult
34,Adult
37,Adult
47,Adult
0,Child
23,Adult
0,Child
20,Adult
35,Adult
18,Teenager
17,Teenager
18,Teenager
53,Adult
35,Adult
48,Adult
68,Elder
27,Adult
28,Adult
37,Adult
35,Adult
31,Adult
14,Teenager
1,Child
4,Child
30,Adult
11,Child
45,Adult
29,Adult
32,Adult
15,Teenager
25,Adult
25,Adult
60,Adult
24,Adult
35,Adult
36,Adult
22,Adult
32,Adult
57,Adult
30,Adult
46,Adult
28,Adult
26,Adult
55,Adult
66,Elder
20,Adult
31,Adult
13,Teenager
50,Adult
21,Adult
25,Adult
46,Adult
0,Child
2,Child
36,Adult
19,Adult
35,Adult
41,Adult
22,Adult
25,Adult
24,Adult
37,Adult
5,Child
28,Adult
41,Adult
44,Adult
23,Adult
28,Adult
27,Adult
40,Adult
27,Adult
17,Teenager
32,Adult
29,Adult
29,Adult
41,Adult
48,Adult
27,Adult
14,Teenager
32,Adult
47,Adult
14,Teenager
37,Adult
33,Adult
33,Adult
44,Adult
37,Adult
18,Teenager
33,Adult
21,Adult
38,Adult
16,Teenager
58,Adult
41,Adult
28,Adult
28,Adult
31,Adult
27,Adult
7,Child
25,Adult
34,Adult
21,Adult
29,Adult
23,Adult
31,Adult
50,Adult
25,Adult
25,Adult
23,Adult
46,Adult
0,Child
53,Adult
25,Adult
30,Adult
18,Teenager
20,Adult
54,Adult
20,Adult
32,Adult
31,Adult
55,Adult
16,Teenager
0,Child
3,Child
33,Adult
45,Adult
6,Child
33,Adult
14,Teenager
24,Adult
47,Adult
37,Adult
14,Teenager
44,Adult
11,Child
15,Teenager
39,Adult
15,Teenager
60,Adult
49,Adult
23,Adult
9,Child
0,Child
17,Teenager
42,Adult
16,Teenager
0,Child
26,Adult
56,Adult
26,Adult
41,Adult
27,Adult
31,Adult
40,Adult
40,Adult
15,Teenager
50,Adult
42,Adult
50,Adult
39,Adult
27,Adult
20,Adult
30,Adult
16,Teenager
36,Adult
68,Elder
22,Adult
36,Adult
3,Child
28,Adult
32,Adult
10,Child
0,Child
9,Child
37,Adult
31,Adult
31,Adult
43,Adult
15,Teenager
58,Adult
30,Adult
24,Adult
49,Adult
73,Elder
14,Teenager
50,Adult
12,Child
2,Child
49,Adult
32,Adult
28,Adult
33,Adult
23,Adult
23,Adult
43,Adult
36,Adult
26,Adult
29,Adult
21,Adult
30,Adult
23,Adult
13,Teenager
22,Adult
25,Adult
52,Adult
22,Adult
31,Adult
23,Adult
35,Adult
26,Adult
14,Teenager
39,Adult
8,Child
29,Adult
15,Teenager
48,Adult
9,Child
25,Adult
13,Teenager
25,Adult
27,Adult
32,Adult
20,Adult
40,Adult
18,Teenager
21,Adult
38,Adult
62,Elder
23,Adult
48,Adult
27,Adult
32,Adult
53,Adult
26,Adult
46,Adult
32,Adult
40,Adult
27,Adult
28,Adult
29,Adult
37,Adult
0,Child
12,Child
25,Adult
28,Adult
3,Child
9,Child
27,Adult
59,Adult
24,Adult
16,Teenager
16,Teenager
46,Adult
25,Adult
39,Adult
15,Teenager
16,Teenager
35,Adult
43,Adult
7,Child
29,Adult
60,Adult
49,Adult
50,Adult
40,Adult
49,Adult
18,Teenager
29,Adult
56,Adult
29,Adult
29,Adult
22,Adult
24,Adult
23,Adult
28,Adult
19,Adult
32,Adult
37,Adult
26,Adult
43,Adult
25,Adult
11,Child
4,Child
32,Adult
15,Teenager
17,Teenager
37,Adult
20,Adult
47,Adult
16,Teenager
8,Child
22,Adult
39,Adult
57,Adult
29,Adult
28,Adult
70,Elder
13,Teenager
49,Adult
25,Adult
19,Adult
15,Teenager
37,Adult
28,Adult
28,Adult
22,Adult
26,Adult
25,Adult
19,Adult
20,Adult
35,Adult
37,Adult
37,Adult
13,Teenager
20,Adult
65,Elder
29,Adult
0,Child
4,Child
19,Adult
17,Teenager
28,Adult
28,Adult
21,Adult
45,Adult
21,Adult
20,Adult
38,Adult
24,Adult
22,Adult
44,Adult
41,Adult
21,Adult
26,Adult
54,Adult
19,Adult
32,Adult
28,Adult
26,Adult
28,Adult
21,Adult
38,Adult
43,Adult
12,Child
25,Adult
27,Adult
22,Adult
20,Adult
24,Adult
34,Adult
42,Adult
24,Adult
28,Adult
29,Adult
31,Adult
29,Adult
14,Teenager
16,Teenager
16,Teenager
27,Adult
28,Adult
23,Adult
16,Teenager
30,Adult
24,Adult
36,Adult
25,Adult
29,Adult
21,Adult
26,Adult
30,Adult
31,Adult
20,Adult
28,Adult
33,Adult
35,Adult
46,Adult
63,Elder
37,Adult
23,Adult
5,Child
16,Teenager
20,Adult
49,Adult
3,Child
41,Adult
28,Adult
14,Teenager
26,Adult
51,Adult
36,Adult
16,Teenager
18,Teenager
48,Adult
24,Adult
19,Adult
21,Adult
24,Adult
21,Adult
13,Teenager
39,Adult
27,Adult
23,Adult
43,Adult
19,Adult
30,Adult
52,Adult
35,Adult
16,Teenager
21,Adult
45,Adult
22,Adult
28,Adult
0,Child
63,Elder
56,Adult
40,Adult
1,Child
24,Adult
36,Adult
13,Teenager
13,Teenager
37,Adult
44,Adult
32,Adult
57,Adult
26,Adult
62,Elder
2,Child
1,Child
24,Adult
1,Child
63,Elder
20,Adult
15,Teenager
32,Adult
24,Adult
32,Adult
36,Adult
13,Teenager
29,Adult
27,Adult
30,Adult
27,Adult
14,Teenager
32,Adult
33,Adult
35,Adult
21,Adult
57,Adult
42,Adult
20,Adult
18,Teenager
49,Adult
23,Adult
24,Adult
24,Adult
23,Adult
24,Adult
26,Adult
28,Adult
17,Teenager
20,Adult
22,Adult
23,Adult
22,Adult
29,Adult
28,Adult
31,Adult
37,Adult
44,Adult
34,Adult
23,Adult
18,Teenager
18,Teenager
23,Adult
18,Teenager
22,Adult
10,Child
28,Adult
31,Adult
48,Adult
51,Adult
25,Adult
32,Adult
8,Child
49,Adult
28,Adult
3,Child
28,Adult
31,Adult
11,Child
27,Adult
33,Adult
32,Adult
20,Adult
33,Adult
65,Elder
18,Teenager
19,Adult
33,Adult
28,Adult
31,Adult
37,Adult
19,Adult
18,Teenager
47,Adult
26,Adult
25,Adult
38,Adult
53,Adult
38,Adult
28,Adult
46,Adult
18,Teenager
14,Teenager
32,Adult
44,Adult
28,Adult
2,Child
28,Adult
27,Adult
29,Adult
14,Teenager
14,Teenager
17,Teenager
35,Adult
36,Adult
51,Adult
54,Adult
37,Adult
37,Adult
24,Adult
28,Adult
38,Adult
28,Adult
0,Child
16,Teenager
25,Adult
22,Adult
24,Adult
37,Adult
21,Adult
53,Adult
0,Child
2,Child
64,Elder
24,Adult
40,Adult
32,Adult
54,Adult
30,Adult
37,Adult
20,Adult
22,Adult
57,Adult
34,Adult
51,Adult
47,Adult
22,Adult
36,Adult
16,Teenager
60,Adult
39,Adult
18,Teenager
30,Adult
45,Adult
30,Adult
21,Adult
0,Child
51,Adult
22,Adult
26,Adult
10,Child
21,Adult
14,Teenager
28,Adult
43,Adult
22,Adult
22,Adult
23,Adult
25,Adult
35,Adult
30,Adult
37,Adult
21,Adult
36,Adult
13,Teenager
22,Adult
36,Adult
17,Teenager
38,Adult
34,Adult
20,Adult
17,Teenager
36,Adult
52,Adult
32,Adult
35,Adult
28,Adult
36,Adult
36,Adult
21,Adult
33,Adult
40,Adult
24,Adult
35,Adult
29,Adult
33,Adult
51,Adult
10,Child
41,Adult
26,Adult
39,Adult
14,Teenager
28,Adult
18,Teenager
41,Adult
33,Adult
26,Adult
31,Adult
63,Elder
30,Adult
27,Adult
47,Adult
37,Adult
14,Teenager
27,Adult
61,Elder
39,Adult
22,Adult
30,Adult
26,Adult
25,Adult
42,Adult
33,Adult
60,Adult
16,Teenager
50,Adult
22,Adult
15,Teenager
27,Adult
58,Adult
48,Adult
36,Adult
60,Adult
46,Adult
58,Adult
40,Adult
3,Child
23,Adult
21,Adult
29,Adult
23,Adult
41,Adult
20,Adult
24,Adult
21,Adult
55,Adult
21,Adult
42,Adult
40,Adult
30,Adult
26,Adult
43,Adult
20,Adult
19,Adult
40,Adult
17,Teenager
62,Elder
32,Adult
37,Adult
40,Adult
25,Adult
17,Teenager
46,Adult
38,Adult
43,Adult
28,Adult
31,Adult
35,Adult
19,Adult
24,Adult
20,Adult
16,Teenager
45,Adult
19,Adult
23,Adult
19,Adult
32,Adult
41,Adult
30,Adult
41,Adult
7,Child
39,Adult
47,Adult
21,Adult
29,Adult
19,Adult
50,Adult
28,Adult
38,Adult
24,Adult
31,Adult
38,Adult
26,Adult
28,Adult
45,Adult
47,Adult
60,Adult
42,Adult
43,Adult
17,Teenager
17,Teenager
20,Adult
18,Teenager
24,Adult
25,Adult
20,Adult
23,Adult
48,Adult
26,Adult
36,Adult
27,Adult
41,Adult
21,Adult
71,Elder
64,Elder
33,Adult
24,Adult
35,Adult
13,Teenager
11,Child
28,Adult
43,Adult
36,Adult
22,Adult
56,Adult
34,Adult
46,Adult
43,Adult
25,Adult
26,Adult
14,Teenager
63,Elder
29,Adult
45,Adult
15,Teenager
19,Adult
53,Adult
45,Adult
41,Adult
68,Elder
5,Child
27,Adult
20,Adult
54,Adult
18,Teenager
45,Adult
26,Adult
37,Adult
30,Adult
51,Adult
3,Child
3,Child
19,Adult
19,Adult
6,Child
4,Child
23,Adult
37,Adult
18,Teenager
29,Adult
25,Adult
52,Adult
24,Adult
0,Child
25,Adult
26,Adult
32,Adult
58,Adult
44,Adult
41,Adult
24,Adult
41,Adult
23,Adult
27,Adult
61,Elder
18,Teenager
18,Teenager
28,Adult
15,Teenager
12,Child
40,Adult
19,Adult
18,Teenager
48,Adult
37,Adult
35,Adult
29,Adult
54,Adult
28,Adult
22,Adult
18,Teenager
26,Adult
19,Adult
22,Adult
17,Teenager
18,Teenager
39,Adult
37,Adult
17,Teenager
25,Adult
9,Child
15,Teenager
19,Adult
18,Teenager
50,Adult
14,Teenager
19,Adult
33,Adult
23,Adult
39,Adult
14,Teenager
14,Teenager
45,Adult
22,Adult
36,Adult
19,Adult
59,Adult
31,Adult
31,Adult
39,Adult
28,Adult
19,Adult
29,Adult
0,Child
15,Teenager
18,Teenager
49,Adult
36,Adult
40,Adult
56,Adult
67,Elder
44,Adult
17,Teenager
27,Adult
23,Adult
28,Adult
54,Adult
26,Adult
40,Adult
39,Adult
40,Adult
20,Adult
18,Teenager
17,Teenager
35,Adult
31,Adult
40,Adult
50,Adult
21,Adult
29,Adult
63,Elder
19,Adult
36,Adult
48,Adult
33,Adult
28,Adult
39,Adult
27,Adult
58,Adult
44,Adult
23,Adult
21,Adult
53,Adult
14,Teenager
17,Teenager
25,Adult
44,Adult
24,Adult
24,Adult
24,Adult
0,Child
7,Child
3,Child
18,Teenager
4,Child
40,Adult
16,Teenager
25,Adult
10,Child
40,Adult
19,Adult
15,Teenager
24,Adult
21,Adult
29,Adult
37,Adult
49,Adult
42,Adult
54,Adult
33,Adult
27,Adult
53,Adult
28,Adult
24,Adult
20,Adult
0,Child
24,Adult
28,Adult
42,Adult
32,Adult
36,Adult
40,Adult
30,Adult
34,Adult
37,Adult
41,Adult
25,Adult
39,Adult
0,Child
54,Adult
16,Teenager
0,Child
13,Teenager
46,Adult
23,Adult
18,Teenager
27,Adult
24,Adult
27,Adult
24,Adult
25,Adult
30,Adult
19,Adult
18,Teenager
49,Adult
64,Elder
26,Adult
53,Adult
27,Adult
27,Adult
25,Adult
33,Adult
27,Adult
20,Adult
39,Adult
27,Adult
19,Adult
22,Adult
3,Child
24,Adult
41,Adult
18,Teenager
63,Elder
19,Adult
39,Adult
28,Adult
41,Adult
44,Adult
39,Adult
29,Adult
37,Adult
41,Adult
18,Teenager
28,Adult
55,Adult
21,Adult
28,Adult
43,Adult
32,Adult
23,Adult
5,Child
14,Teenager
24,Adult
22,Adult
14,Teenager
20,Adult
17,Teenager
20,Adult
22,Adult
15,Teenager
67,Elder
28,Adult
57,Adult
21,Adult
34,Adult
17,Teenager
33,Adult
33,Adult
28,Adult
18,Teenager
28,Adult
13,Teenager
38,Adult
39,Adult
18,Teenager
43,Adult
32,Adult
29,Adult
45,Adult
25,Adult
64,Elder
18,Teenager
44,Adult
15,Teenager
21,Adult
33,Adult
3,Child
19,Adult
37,Adult
24,Adult
26,Adult
26,Adult
26,Adult
22,Adult
26,Adult
27,Adult
27,Adult
37,Adult
22,Adult
24,Adult
23,Adult
18,Teenager
28,Adult
4,Child
23,Adult
2,Child
46,Adult
0,Child
16,Teenager
19,Adult
34,Adult
34,Adult
24,Adult
28,Adult
44,Adult
35,Adult
20,Adult
18,Teenager
43,Adult
48,Adult
46,Adult
75,Elder
24,Adult
34,Adult
29,Adult
46,Adult
22,Adult
42,Adult
46,Adult
15,Teenager
42,Adult
31,Adult
9,Child
34,Adult
21,Adult
16,Teenager
40,Adult
23,Adult
6,Child
17,Teenager
37,Adult
30,Adult
32,Adult
41,Adult
43,Adult
17,Teenager
37,Adult
18,Teenager
1,Child
38,Adult
25,Adult
6,Child
1,Child
7,Child
24,Adult
19,Adult
26,Adult
49,Adult
18,Teenager
25,Adult
46,Adult
33,Adult
10,Child
38,Adult
23,Adult
26,Adult
16,Teenager
29,Adult
35,Adult
58,Adult
17,Teenager
16,Teenager
2,Child
13,Teenager
18,Teenager
29,Adult
21,Adult
43,Adult
69,Elder
40,Adult
1,Child
36,Adult
60,Adult
17,Teenager
49,Adult
23,Adult
39,Adult
53,Adult
26,Adult
31,Adult
48,Adult
26,Adult
25,Adult
25,Adult
30,Adult
28,Adult
23,Adult
24,Adult
47,Adult
37,Adult
24,Adult
21,Adult
42,Adult
39,Adult
28,Adult
32,Adult
31,Adult
13,Teenager
41,Adult
21,Adult
28,Adult
9,Child
36,Adult
30,Adult
27,Adult
40,Adult
41,Adult
16,Teenager
36,Adult
15,Teenager
39,Adult
21,Adult
24,Adult
28,Adult
47,Adult
55,Adult
28,Adult
22,Adult
26,Adult
62,Elder
53,Adult
29,Adult
21,Adult
18,Teenager
34,Adult
19,Adult
14,Teenager
21,Adult
55,Adult
18,Teenager
33,Adult
35,Adult
31,Adult
27,Adult
28,Adult
13,Teenager
24,Adult
22,Adult
32,Adult
18,Teenager
53,Adult
4,Child
24,Adult
23,Adult
1,Child
18,Teenager
21,Adult
40,Adult
49,Adult
25,Adult
21,Adult
40,Adult
47,Adult
25,Adult
36,Adult
39,Adult
26,Adult
0,Child
14,Teenager
7,Child
50,Adult
22,Adult
17,Teenager
35,Adult
22,Adult
26,Adult
24,Adult
59,Adult
24,Adult
17,Teenager
28,Adult
38,Adult
2,Child
36,Adult
32,Adult
15,Teenager
54,Adult
18,Teenager
22,Adult
23,Adult
14,Teenager
26,Adult
73,Elder
29,Adult
29,Adult
12,Child
27,Adult
31,Adult
26,Adult
35,Adult
25,Adult
40,Adult
18,Teenager
52,Adult
35,Adult
51,Adult
35,Adult
14,Teenager
28,Adult
26,Adult
21,Adult
45,Adult
29,Adult
39,Adult
37,Adult
22,Adult
22,Adult
30,Adult
1,Child
0,Child
9,Child
18,Teenager
29,Adult
52,Adult
27,Adult
54,Adult
28,Adult
65,Elder
26,Adult
29,Adult
20,Adult
39,Adult
37,Adult
20,Adult
40,Adult
0,Child
33,Adult
23,Adult
32,Adult
20,Adult
60,Adult
53,Adult
26,Adult
35,Adult
19,Adult
43,Adult
29,Adult
20,Adult
19,Adult
21,Adult
39,Adult
12,Child
20,Adult
18,Teenager
31,Adult
35,Adult
44,Adult
62,Elder
23,Adult
23,Adult
19,Adult
29,Adult
31,Adult
33,Adult
41,Adult
60,Adult
41,Adult
69,Elder
44,Adult
18,Teenager
26,Adult
30,Adult
34,Adult
18,Teenager
49,Adult
71,Elder
19,Adult
23,Adult
31,Adult
40,Adult
28,Adult
17,Teenager
24,Adult
54,Adult
21,Adult
2,Child
20,Adult
20,Adult
36,Adult
25,Adult
58,Adult
37,Adult
26,Adult
45,Adult
44,Adult
24,Adult
13,Teenager
4,Child
24,Adult
27,Adult
39,Adult
23,Adult
4,Child
0,Child
22,Adult
27,Adult
22,Adult
26,Adult
60,Adult
18,Teenager
20,Adult
25,Adult
24,Adult
38,Adult
18,Teenager
45,Adult
13,Teenager
28,Adult
5,Child
20,Adult
2,Child
42,Adult
0,Child
18,Teenager
26,Adult
3,Child
49,Adult
19,Adult
19,Adult
15,Teenager
53,Adult
0,Child
39,Adult
45,Adult
10,Child
1,Child
9,Child
40,Adult
26,Adult
18,Teenager
47,Adult
31,Adult
28,Adult
23,Adult
32,Adult
32,Adult
21,Adult
28,Adult
22,Adult
18,Teenager
28,Adult
38,Adult
46,Adult
44,Adult
38,Adult
28,Adult
31,Adult
18,Teenager
18,Teenager
4,Child
0,Child
0,Child
23,Adult
35,Adult
43,Adult
18,Teenager
18,Teenager
18,Teenager
49,Adult
19,Adult
22,Adult
4,Child
0,Child
28,Adult
39,Adult
36,Adult
53,Adult
23,Adult
24,Adult
25,Adult
30,Adult
20,Adult
40,Adult
18,Teenager
57,Adult
47,Adult
26,Adult
29,Adult
32,Adult
30,Adult
18,Teenager
49,Adult
33,Adult
18,Teenager
29,Adult
34,Adult
43,Adult
18,Teenager
31,Adult
15,Teenager
3,Child
37,Adult
1,Child
27,Adult
15,Teenager
33,Adult
65,Elder
19,Adult
30,Adult
37,Adult
15,Teenager
19,Adult
20,Adult
19,Adult
21,Adult
20,Adult
18,Teenager
27,Adult
23,Adult
25,Adult
72,Elder
35,Adult
29,Adult
11,Child
7,Child
28,Adult
28,Adult
41,Adult
28,Adult
19,Adult
8,Child
4,Child
38,Adult
21,Adult
18,Teenager
10,Child
29,Adult
25,Adult
40,Adult
19,Adult
38,Adult
19,Adult
0,Child
4,Child
29,Adult
46,Adult
32,Adult
26,Adult
23,Adult
32,Adult
31,Adult
34,Adult
45,Adult
61,Elder
21,Adult
28,Adult
15,Teenager
14,Teenager
18,Teenager
39,Adult
62,Elder
40,Adult
21,Adult
12,Child
27,Adult
28,Adult
0,Child
17,Teenager
23,Adult
6,Child
29,Adult
41,Adult
27,Adult
34,Adult
36,Adult
30,Adult
30,Adult
29,Adult
21,Adult
21,Adult
18,Teenager
11,Child
65,Elder
25,Adult
0,Child
24,Adult
19,Adult
23,Adult
45,Adult
52,Adult
55,Adult
24,Adult
31,Adult
18,Teenager
22,Adult
39,Adult
19,Adult
33,Adult
14,Teenager
30,Adult
30,Adult
21,Adult
45,Adult
17,Teenager
39,Adult
22,Adult
37,Adult
48,Adult
33,Adult
37,Adult
27,Adult
29,Adult
38,Adult
16,Teenager
18,Teenager
28,Adult
47,Adult
15,Teenager
13,Teenager
19,Adult
17,Teenager
31,Adult
19,Adult
25,Adult
26,Adult
25,Adult
2,Child
7,Child
2,Child
19,Adult
1,Child
4,Child
49,Adult
61,Elder
57,Adult
52,Adult
22,Adult
37,Adult
15,Teenager
28,Adult
40,Adult
13,Teenager
24,Adult
25,Adult
25,Adult
43,Adult
46,Adult
3,Child
3,Child
3,Child
8,Child
57,Adult
11,Child
20,Adult
27,Adult
20,Adult
14,Teenager
24,Adult
21,Adult
33,Adult
32,Adult
22,Adult
15,Teenager
41,Adult
31,Adult
35,Adult
48,Adult
15,Teenager
37,Adult
21,Adult
34,Adult
19,Adult
52,Adult
15,Teenager
24,Adult
45,Adult
13,Teenager
18,Teenager
19,Adult
20,Adult
20,Adult
27,Adult
22,Adult
17,Teenager
23,Adult
29,Adult
24,Adult
26,Adult
36,Adult
25,Adult
36,Adult
32,Adult
16,Teenager
32,Adult
48,Adult
25,Adult
46,Adult
32,Adult
50,Adult
31,Adult
27,Adult
52,Adult
34,Adult
40,Adult
36,Adult
19,Adult
33,Adult
23,Adult
57,Adult
24,Adult
19,Adult
54,Adult
28,Adult
26,Adult
43,Adult
39,Adult
21,Adult
24,Adult
35,Adult
61,Elder
21,Adult
14,Teenager
38,Adult
23,Adult
31,Adult
66,Elder
56,Adult
21,Adult
49,Adult
21,Adult
27,Adult
23,Adult
27,Adult
49,Adult
38,Adult
60,Adult
47,Adult
29,Adult
19,Adult
32,Adult
22,Adult
35,Adult
28,Adult
22,Adult
42,Adult
37,Adult
31,Adult
33,Adult
48,Adult
31,Adult
18,Teenager
44,Adult
22,Adult
18,Teenager
48,Adult
2,Child
0,Child
43,Adult
51,Adult
48,Adult
51,Adult
20,Adult
41,Adult
27,Adult
56,Adult
26,Adult
21,Adult
28,Adult
23,Adult
28,Adult
40,Adult
39,Adult
16,Teenager
20,Adult
24,Adult
45,Adult
33,Adult
19,Adult
15,Teenager
18,Teenager
21,Adult
37,Adult
53,Adult
19,Adult
17,Teenager
58,Adult
18,Teenager
25,Adult
39,Adult
40,Adult
27,Adult
3,Child
18,Teenager
18,Teenager
29,Adult
22,Adult
34,Adult
19,Adult
26,Adult
33,Adult
34,Adult
18,Teenager
40,Adult
53,Adult
8,Child
54,Adult
29,Adult
56,Adult
21,Adult
25,Adult
33,Adult
22,Adult
50,Adult
24,Adult
25,Adult
59,Adult
26,Adult
19,Adult
37,Adult
22,Adult
44,Adult
25,Adult
23,Adult
6,Child
39,Adult
26,Adult
14,Teenager
3,Child
21,Adult
24,Adult
18,Teenager
37,Adult
21,Adult
67,Elder
28,Adult
13,Teenager
26,Adult
33,Adult
18,Teenager
24,Adult
26,Adult
21,Adult
27,Adult
15,Teenager
24,Adult
31,Adult
10,Child
23,Adult
50,Adult
13,Teenager
43,Adult
20,Adult
21,Adult
18,Teenager
16,Teenager
47,Adult
35,Adult
15,Teenager
46,Adult
6,Child
26,Adult
49,Adult
28,Adult
37,Adult
17,Teenager
38,Adult
18,Teenager
55,Adult
28,Adult
25,Adult
17,Teenager
22,Adult
4,Child
3,Child
21,Adult
24,Adult
50,Adult
3,Child
19,Adult
22,Adult
20,Adult
18,Teenager
27,Adult
29,Adult
23,Adult
48,Adult
32,Adult
55,Adult
49,Adult
15,Teenager
50,Adult
35,Adult
29,Adult
38,Adult
29,Adult
39,Adult
49,Adult
39,Adult
19,Adult
19,Adult
14,Teenager
40,Adult
40,Adult
20,Adult
6,Child
41,Adult
37,Adult
31,Adult
8,Child
55,Adult
16,Teenager
29,Adult
40,Adult
27,Adult
21,Adult
25,Adult
44,Adult
34,Adult
1,Child
1,Child
42,Adult
18,Teenager
21,Adult
24,Adult
28,Adult
18,Teenager
27,Adult
13,Teenager
10,Child
8,Child
40,Adult
35,Adult
13,Teenager
19,Adult
44,Adult
36,Adult
29,Adult
28,Adult
36,Adult
24,Adult
14,Teenager
50,Adult
20,Adult
38,Adult
33,Adult
54,Adult
20,Adult
23,Adult
65,Elder
51,Adult
36,Adult
38,Adult
28,Adult
32,Adult
55,Adult
23,Adult
38,Adult
18,Teenager
32,Adult
44,Adult
62,Elder
66,Elder
20,Adult
19,Adult
28,Adult
25,Adult
20,Adult
18,Teenager
20,Adult
14,Teenager
49,Adult
49,Adult
19,Adult
53,Adult
31,Adult
18,Teenager
24,Adult
35,Adult
27,Adult
38,Adult
23,Adult
22,Adult
38,Adult
28,Adult
25,Adult
45,Adult
22,Adult
30,Adult
25,Adult
24,Adult
44,Adult
6,Child
0,Child
14,Teenager
37,Adult
15,Teenager
0,Child
17,Teenager
58,Adult
15,Teenager
53,Adult
29,Adult
24,Adult
40,Adult
21,Adult
30,Adult
20,Adult
20,Adult
18,Teenager
36,Adult
20,Adult
4,Child
59,Adult
20,Adult
4,Child
23,Adult
25,Adult
20,Adult
22,Adult
6,Child
14,Teenager
0,Child
4,Child
37,Adult
14,Teenager
34,Adult
3,Child
18,Teenager
27,Adult
19,Adult
37,Adult
29,Adult
37,Adult
32,Adult
22,Adult
38,Adult
24,Adult
63,Elder
23,Adult
41,Adult
20,Adult
48,Adult
44,Adult
15,Teenager
29,Adult
64,Elder
19,Adult
28,Adult
44,Adult
13,Teenager
45,Adult
25,Adult
19,Adult
29,Adult
21,Adult
13,Teenager
25,Adult
46,Adult
37,Adult
19,Adult
29,Adult
21,Adult
13,Teenager
15,Teenager
42,Adult
28,Adult
26,Adult
19,Adult
18,Teenager
50,Adult
28,Adult
24,Adult
31,Adult
19,Adult
20,Adult
23,Adult
19,Adult
27,Adult
16,Teenager
76,Elder
41,Adult
24,Adult
12,Child
28,Adult
36,Adult
20,Adult
7,Child
21,Adult
33,Adult
32,Adult
34,Adult
38,Adult
28,Adult
28,Adult
25,Adult
24,Adult
18,Teenager
24,Adult
30,Adult
38,Adult
39,Adult
31,Adult
33,Adult
15,Teenager
23,Adult
24,Adult
44,Adult
22,Adult
28,Adult
34,Adult
8,Child
26,Adult
29,Adult
58,Adult
4,Child
1,Child
17,Teenager
27,Adult
24,Adult
16,Teenager
28,Adult
23,Adult
33,Adult
24,Adult
6,Child
19,Adult
31,Adult
19,Adult
18,Teenager
35,Adult
32,Adult
19,Adult
24,Adult
33,Adult
20,Adult
27,Adult
26,Adult
28,Adult
19,Adult
24,Adult
52,Adult
23,Adult
23,Adult
25,Adult
22,Adult
35,Adult
24,Adult
24,Adult
26,Adult
37,Adult
14,Teenager
36,Adult
0,Child
17,Teenager
18,Teenager
43,Adult
21,Adult
34,Adult
57,Adult
18,Teenager
73,Elder
31,Adult
25,Adult
20,Adult
24,Adult
28,Adult
21,Adult
22,Adult
39,Adult
26,Adult
32,Adult
1,Child
7,Child
4,Child
21,Adult
12,Child
28,Adult
0,Child
18,Teenager
52,Adult
18,Teenager
51,Adult
21,Adult
28,Adult
34,Adult
13,Teenager
35,Adult
27,Adult
35,Adult
51,Adult
53,Adult
29,Adult
41,Adult
47,Adult
22,Adult
19,Adult
22,Adult
25,Adult
28,Adult
17,Teenager
0,Child
5,Child
30,Adult
17,Teenager
53,Adult
9,Child
17,Teenager
16,Teenager
29,Adult
29,Adult
46,Adult
27,Adult
39,Adult
15,Teenager
30,Adult
41,Adult
47,Adult
32,Adult
15,Teenager
23,Adult
20,Adult
33,Adult
18,Teenager
31,Adult
25,Adult
19,Adult
32,Adult
45,Adult
43,Adult
21,Adult
48,Adult
0,Child
29,Adult
41,Adult
23,Adult
48,Adult
18,Teenager
30,Adult
26,Adult
18,Teenager
27,Adult
58,Adult
22,Adult
17,Teenager
28,Adult
27,Adult
51,Adult
37,Adult
14,Teenager
43,Adult
27,Adult
60,Adult
33,Adult
39,Adult
21,Adult
21,Adult
28,Adult
30,Adult
42,Adult
25,Adult
25,Adult
25,Adult
54,Adult
41,Adult
36,Adult
33,Adult
36,Adult
55,Adult
16,Teenager
28,Adult
26,Adult
42,Adult
30,Adult
31,Adult
22,Adult
26,Adult
25,Adult
44,Adult
29,Adult
22,Adult
23,Adult
30,Adult
23,Adult
13,Teenager
53,Adult
0,Child
27,Adult
27,Adult
10,Child
2,Child
5,Child
24,Adult
32,Adult
22,Adult
22,Adult
44,Adult
55,Adult
22,Adult
8,Child
15,Teenager
1,Child
9,Child
48,Adult
16,Teenager
27,Adult
3,Child
25,Adult
70,Elder
30,Adult
57,Adult
42,Adult
14,Teenager
43,Adult
34,Adult
21,Adult
32,Adult
21,Adult
25,Adult
25,Adult
38,Adult
36,Adult
44,Adult
37,Adult
47,Adult
38,Adult
28,Adult
38,Adult
53,Adult
26,Adult
13,Teenager
64,Elder
16,Teenager
13,Teenager
55,Adult
26,Adult
23,Adult
55,Adult
50,Adult
26,Adult
36,Adult
33,Adult
21,Adult
41,Adult
33,Adult
23,Adult
31,Adult
28,Adult
13,Teenager
28,Adult
35,Adult
25,Adult
19,Adult
56,Adult
18,Teenager
22,Adult
34,Adult
11,Child
37,Adult
22,Adult
45,Adult
19,Adult
39,Adult
28,Adult
36,Adult
1,Child
10,Child
12,Child
31,Adult
12,Child
3,Child
30,Adult
41,Adult
19,Adult
38,Adult
36,Adult
0,Child
20,Adult
23,Adult
35,Adult
36,Adult
41,Adult
38,Adult
33,Adult
54,Adult
33,Adult
54,Adult
32,Adult
24,Adult
53,Adult
26,Adult
31,Adult
18,Teenager
39,Adult
37,Adult
35,Adult
34,Adult
28,Adult
43,Adult
2,Child
24,Adult
18,Teenager
21,Adult
24,Adult
35,Adult
53,Adult
32,Adult
44,Adult
33,Adult
40,Adult
31,Adult
23,Adult
44,Adult
41,Adult
31,Adult
30,Adult
33,Adult
30,Adult
26,Adult
22,Adult
37,Adult
15,Teenager
52,Adult
35,Adult
40,Adult
60,Adult
24,Adult
31,Adult
43,Adult
9,Child
51,Adult
25,Adult
20,Adult
22,Adult
21,Adult
50,Adult
24,Adult
45,Adult
22,Adult
7,Child
11,Child
1,Child
0,Child
8,Child
36,Adult
2,Child
0,Child
22,Adult
41,Adult
49,Adult
30,Adult
37,Adult
14,Teenager
30,Adult
62,Elder
13,Teenager
32,Adult
33,Adult
38,Adult
29,Adult
25,Adult
26,Adult
19,Adult
16,Teenager
61,Elder
28,Adult
13,Teenager
44,Adult
22,Adult
30,Adult
21,Adult
20,Adult
31,Adult
33,Adult
26,Adult
21,Adult
23,Adult
0,Child
32,Adult
30,Adult
41,Adult
18,Teenager
26,Adult
32,Adult
44,Adult
